policy,task,official_episode_id,repeat_id,seed,horizon,env_name,scene,robot,rgb_overlay_path,robot_init_x,robot_init_y,obj_variation_mode,obj_episode_start,obj_episode_end
InternVLA-M1,eggplant,0,0,20290523,120,PutEggplantInBasketScene-v0,bridge_table_1_v2,widowx_sink_camera_setup,/share/data/ripl/tianchong/projects/InternVLA-M1/cache/Projects/SimplerEnv/ManiSkill2_real2sim/data/real_inpainting/bridge_sink.png,0.127,0.06,episode,0,1
InternVLA-M1,eggplant,1,0,20290524,120,PutEggplantInBasketScene-v0,bridge_table_1_v2,widowx_sink_camera_setup,/share/data/ripl/tianchong/projects/InternVLA-M1/cache/Projects/SimplerEnv/ManiSkill2_real2sim/data/real_inpainting/bridge_sink.png,0.127,0.06,episode,1,2
InternVLA-M1,eggplant,2,0,20290525,120,PutEggplantInBasketScene-v0,bridge_table_1_v2,widowx_sink_camera_setup,/share/data/ripl/tianchong/projects/InternVLA-M1/cache/Projects/SimplerEnv/ManiSkill2_real2sim/data/real_inpainting/bridge_sink.png,0.127,0.06,episode,2,3
InternVLA-M1,eggplant,3,0,20290526,120,PutEggplantInBasketScene-v0,bridge_table_1_v2,widowx_sink_camera_setup,/share/data/ripl/tianchong/projects/InternVLA-M1/cache/Projects/SimplerEnv/ManiSkill2_real2sim/data/real_inpainting/bridge_sink.png,0.127,0.06,episode,3,4
InternVLA-M1,eggplant,4,0,20290527,120,PutEggplantInBasketScene-v0,bridge_table_1_v2,widowx_sink_camera_setup,/share/data/ripl/tianchong/projects/InternVLA-M1/cache/Projects/SimplerEnv/ManiSkill2_real2sim/data/real_inpainting/bridge_sink.png,0.127,0.06,episode,4,5
InternVLA-M1,eggplant,5,0,20290528,120,PutEggplantInBasketScene-v0,bridge_table_1_v2,widowx_sink_camera_setup,/share/data/ripl/tianchong/projects/InternVLA-M1/cache/Projects/SimplerEnv/ManiSkill2_real2sim/data/real_inpainting/bridge_sink.png,0.127,0.06,episode,5,6
InternVLA-M1,eggplant,6,0,20290529,120,PutEggplantInBasketScene-v0,bridge_table_1_v2,widowx_sink_camera_setup,/share/data/ripl/tianchong/projects/InternVLA-M1/cache/Projects/SimplerEnv/ManiSkill2_real2sim/data/real_inpainting/bridge_sink.png,0.127,0.06,episode,6,7
InternVLA-M1,eggplant,7,0,20290530,120,PutEggplantInBasketScene-v0,bridge_table_1_v2,widowx_sink_camera_setup,/share/data/ripl/tianchong/projects/InternVLA-M1/cache/Projects/SimplerEnv/ManiSkill2_real2sim/data/real_inpainting/bridge_sink.png,0.127,0.06,episode,7,8
InternVLA-M1,eggplant,8,0,20290531,120,PutEggplantInBasketScene-v0,bridge_table_1_v2,widowx_sink_camera_setup,/share/data/ripl/tianchong/projects/InternVLA-M1/cache/Projects/SimplerEnv/ManiSkill2_real2sim/data/real_inpainting/bridge_sink.png,0.127,0.06,episode,8,9
InternVLA-M1,eggplant,9,0,20290532,120,PutEggplantInBasketScene-v0,bridge_table_1_v2,widowx_sink_camera_setup,/share/data/ripl/tianchong/projects/InternVLA-M1/cache/Projects/SimplerEnv/ManiSkill2_real2sim/data/real_inpainting/bridge_sink.png,0.127,0.06,episode,9,10
InternVLA-M1,eggplant,10,0,20290533,120,PutEggplantInBasketScene-v0,bridge_table_1_v2,widowx_sink_camera_setup,/share/data/ripl/tianchong/projects/InternVLA-M1/cache/Projects/SimplerEnv/ManiSkill2_real2sim/data/real_inpainting/bridge_sink.png,0.127,0.06,episode,10,11
InternVLA-M1,eggplant,11,0,20290534,120,PutEggplantInBasketScene-v0,bridge_table_1_v2,widowx_sink_camera_setup,/share/data/ripl/tianchong/projects/InternVLA-M1/cache/Projects/SimplerEnv/ManiSkill2_real2sim/data/real_inpainting/bridge_sink.png,0.127,0.06,episode,11,12
InternVLA-M1,eggplant,12,0,20290535,120,PutEggplantInBasketScene-v0,bridge_table_1_v2,widowx_sink_camera_setup,/share/data/ripl/tianchong/projects/InternVLA-M1/cache/Projects/SimplerEnv/ManiSkill2_real2sim/data/real_inpainting/bridge_sink.png,0.127,0.06,episode,12,13
InternVLA-M1,eggplant,13,0,20290536,120,PutEggplantInBasketScene-v0,bridge_table_1_v2,widowx_sink_camera_setup,/share/data/ripl/tianchong/projects/InternVLA-M1/cache/Projects/SimplerEnv/ManiSkill2_real2sim/data/real_inpainting/bridge_sink.png,0.127,0.06,episode,13,14
InternVLA-M1,eggplant,14,0,20290537,120,PutEggplantInBasketScene-v0,bridge_table_1_v2,widowx_sink_camera_setup,/share/data/ripl/tianchong/projects/InternVLA-M1/cache/Projects/SimplerEnv/ManiSkill2_real2sim/data/real_inpainting/bridge_sink.png,0.127,0.06,episode,14,15
InternVLA-M1,eggplant,15,0,20290538,120,PutEggplantInBasketScene-v0,bridge_table_1_v2,widowx_sink_camera_setup,/share/data/ripl/tianchong/projects/InternVLA-M1/cache/Projects/SimplerEnv/ManiSkill2_real2sim/data/real_inpainting/bridge_sink.png,0.127,0.06,episode,15,16
InternVLA-M1,eggplant,16,0,20290539,120,PutEggplantInBasketScene-v0,bridge_table_1_v2,widowx_sink_camera_setup,/share/data/ripl/tianchong/projects/InternVLA-M1/cache/Projects/SimplerEnv/ManiSkill2_real2sim/data/real_inpainting/bridge_sink.png,0.127,0.06,episode,16,17
InternVLA-M1,eggplant,17,0,20290540,120,PutEggplantInBasketScene-v0,bridge_table_1_v2,widowx_sink_camera_setup,/share/data/ripl/tianchong/projects/InternVLA-M1/cache/Projects/SimplerEnv/ManiSkill2_real2sim/data/real_inpainting/bridge_sink.png,0.127,0.06,episode,17,18
InternVLA-M1,eggplant,18,0,20290541,120,PutEggplantInBasketScene-v0,bridge_table_1_v2,widowx_sink_camera_setup,/share/data/ripl/tianchong/projects/InternVLA-M1/cache/Projects/SimplerEnv/ManiSkill2_real2sim/data/real_inpainting/bridge_sink.png,0.127,0.06,episode,18,19
InternVLA-M1,eggplant,19,0,20290542,120,PutEggplantInBasketScene-v0,bridge_table_1_v2,widowx_sink_camera_setup,/share/data/ripl/tianchong/projects/InternVLA-M1/cache/Projects/SimplerEnv/ManiSkill2_real2sim/data/real_inpainting/bridge_sink.png,0.127,0.06,episode,19,20
InternVLA-M1,eggplant,20,0,20290543,120,PutEggplantInBasketScene-v0,bridge_table_1_v2,widowx_sink_camera_setup,/share/data/ripl/tianchong/projects/InternVLA-M1/cache/Projects/SimplerEnv/ManiSkill2_real2sim/data/real_inpainting/bridge_sink.png,0.127,0.06,episode,20,21
InternVLA-M1,eggplant,21,0,20290544,120,PutEggplantInBasketScene-v0,bridge_table_1_v2,widowx_sink_camera_setup,/share/data/ripl/tianchong/projects/InternVLA-M1/cache/Projects/SimplerEnv/ManiSkill2_real2sim/data/real_inpainting/bridge_sink.png,0.127,0.06,episode,21,22
InternVLA-M1,eggplant,22,0,20290545,120,PutEggplantInBasketScene-v0,bridge_table_1_v2,widowx_sink_camera_setup,/share/data/ripl/tianchong/projects/InternVLA-M1/cache/Projects/SimplerEnv/ManiSkill2_real2sim/data/real_inpainting/bridge_sink.png,0.127,0.06,episode,22,23
InternVLA-M1,eggplant,23,0,20290546,120,PutEggplantInBasketScene-v0,bridge_table_1_v2,widowx_sink_camera_setup,/share/data/ripl/tianchong/projects/InternVLA-M1/cache/Projects/SimplerEnv/ManiSkill2_real2sim/data/real_inpainting/bridge_sink.png,0.127,0.06,episode,23,24
InternVLA-M1,eggplant,0,1,20290547,120,PutEggplantInBasketScene-v0,bridge_table_1_v2,widowx_sink_camera_setup,/share/data/ripl/tianchong/projects/InternVLA-M1/cache/Projects/SimplerEnv/ManiSkill2_real2sim/data/real_inpainting/bridge_sink.png,0.127,0.06,episode,0,1
InternVLA-M1,eggplant,1,1,20290548,120,PutEggplantInBasketScene-v0,bridge_table_1_v2,widowx_sink_camera_setup,/share/data/ripl/tianchong/projects/InternVLA-M1/cache/Projects/SimplerEnv/ManiSkill2_real2sim/data/real_inpainting/bridge_sink.png,0.127,0.06,episode,1,2
InternVLA-M1,eggplant,2,1,20290549,120,PutEggplantInBasketScene-v0,bridge_table_1_v2,widowx_sink_camera_setup,/share/data/ripl/tianchong/projects/InternVLA-M1/cache/Projects/SimplerEnv/ManiSkill2_real2sim/data/real_inpainting/bridge_sink.png,0.127,0.06,episode,2,3
InternVLA-M1,eggplant,3,1,20290550,120,PutEggplantInBasketScene-v0,bridge_table_1_v2,widowx_sink_camera_setup,/share/data/ripl/tianchong/projects/InternVLA-M1/cache/Projects/SimplerEnv/ManiSkill2_real2sim/data/real_inpainting/bridge_sink.png,0.127,0.06,episode,3,4
InternVLA-M1,eggplant,4,1,20290551,120,PutEggplantInBasketScene-v0,bridge_table_1_v2,widowx_sink_camera_setup,/share/data/ripl/tianchong/projects/InternVLA-M1/cache/Projects/SimplerEnv/ManiSkill2_real2sim/data/real_inpainting/bridge_sink.png,0.127,0.06,episode,4,5
InternVLA-M1,eggplant,5,1,20290552,120,PutEggplantInBasketScene-v0,bridge_table_1_v2,widowx_sink_camera_setup,/share/data/ripl/tianchong/projects/InternVLA-M1/cache/Projects/SimplerEnv/ManiSkill2_real2sim/data/real_inpainting/bridge_sink.png,0.127,0.06,episode,5,6
InternVLA-M1,eggplant,6,1,20290553,120,PutEggplantInBasketScene-v0,bridge_table_1_v2,widowx_sink_camera_setup,/share/data/ripl/tianchong/projects/InternVLA-M1/cache/Projects/SimplerEnv/ManiSkill2_real2sim/data/real_inpainting/bridge_sink.png,0.127,0.06,episode,6,7
InternVLA-M1,eggplant,7,1,20290554,120,PutEggplantInBasketScene-v0,bridge_table_1_v2,widowx_sink_camera_setup,/share/data/ripl/tianchong/projects/InternVLA-M1/cache/Projects/SimplerEnv/ManiSkill2_real2sim/data/real_inpainting/bridge_sink.png,0.127,0.06,episode,7,8
InternVLA-M1,eggplant,8,1,20290555,120,PutEggplantInBasketScene-v0,bridge_table_1_v2,widowx_sink_camera_setup,/share/data/ripl/tianchong/projects/InternVLA-M1/cache/Projects/SimplerEnv/ManiSkill2_real2sim/data/real_inpainting/bridge_sink.png,0.127,0.06,episode,8,9
InternVLA-M1,eggplant,9,1,20290556,120,PutEggplantInBasketScene-v0,bridge_table_1_v2,widowx_sink_camera_setup,/share/data/ripl/tianchong/projects/InternVLA-M1/cache/Projects/SimplerEnv/ManiSkill2_real2sim/data/real_inpainting/bridge_sink.png,0.127,0.06,episode,9,10
InternVLA-M1,eggplant,10,1,20290557,120,PutEggplantInBasketScene-v0,bridge_table_1_v2,widowx_sink_camera_setup,/share/data/ripl/tianchong/projects/InternVLA-M1/cache/Projects/SimplerEnv/ManiSkill2_real2sim/data/real_inpainting/bridge_sink.png,0.127,0.06,episode,10,11
InternVLA-M1,eggplant,11,1,20290558,120,PutEggplantInBasketScene-v0,bridge_table_1_v2,widowx_sink_camera_setup,/share/data/ripl/tianchong/projects/InternVLA-M1/cache/Projects/SimplerEnv/ManiSkill2_real2sim/data/real_inpainting/bridge_sink.png,0.127,0.06,episode,11,12
InternVLA-M1,eggplant,12,1,20290559,120,PutEggplantInBasketScene-v0,bridge_table_1_v2,widowx_sink_camera_setup,/share/data/ripl/tianchong/projects/InternVLA-M1/cache/Projects/SimplerEnv/ManiSkill2_real2sim/data/real_inpainting/bridge_sink.png,0.127,0.06,episode,12,13
InternVLA-M1,eggplant,13,1,20290560,120,PutEggplantInBasketScene-v0,bridge_table_1_v2,widowx_sink_camera_setup,/share/data/ripl/tianchong/projects/InternVLA-M1/cache/Projects/SimplerEnv/ManiSkill2_real2sim/data/real_inpainting/bridge_sink.png,0.127,0.06,episode,13,14
InternVLA-M1,eggplant,14,1,20290561,120,PutEggplantInBasketScene-v0,bridge_table_1_v2,widowx_sink_camera_setup,/share/data/ripl/tianchong/projects/InternVLA-M1/cache/Projects/SimplerEnv/ManiSkill2_real2sim/data/real_inpainting/bridge_sink.png,0.127,0.06,episode,14,15
InternVLA-M1,eggplant,15,1,20290562,120,PutEggplantInBasketScene-v0,bridge_table_1_v2,widowx_sink_camera_setup,/share/data/ripl/tianchong/projects/InternVLA-M1/cache/Projects/SimplerEnv/ManiSkill2_real2sim/data/real_inpainting/bridge_sink.png,0.127,0.06,episode,15,16
InternVLA-M1,eggplant,16,1,20290563,120,PutEggplantInBasketScene-v0,bridge_table_1_v2,widowx_sink_camera_setup,/share/data/ripl/tianchong/projects/InternVLA-M1/cache/Projects/SimplerEnv/ManiSkill2_real2sim/data/real_inpainting/bridge_sink.png,0.127,0.06,episode,16,17
InternVLA-M1,eggplant,17,1,20290564,120,PutEggplantInBasketScene-v0,bridge_table_1_v2,widowx_sink_camera_setup,/share/data/ripl/tianchong/projects/InternVLA-M1/cache/Projects/SimplerEnv/ManiSkill2_real2sim/data/real_inpainting/bridge_sink.png,0.127,0.06,episode,17,18
InternVLA-M1,eggplant,18,1,20290565,120,PutEggplantInBasketScene-v0,bridge_table_1_v2,widowx_sink_camera_setup,/share/data/ripl/tianchong/projects/InternVLA-M1/cache/Projects/SimplerEnv/ManiSkill2_real2sim/data/real_inpainting/bridge_sink.png,0.127,0.06,episode,18,19
InternVLA-M1,eggplant,19,1,20290566,120,PutEggplantInBasketScene-v0,bridge_table_1_v2,widowx_sink_camera_setup,/share/data/ripl/tianchong/projects/InternVLA-M1/cache/Projects/SimplerEnv/ManiSkill2_real2sim/data/real_inpainting/bridge_sink.png,0.127,0.06,episode,19,20
InternVLA-M1,eggplant,20,1,20290567,120,PutEggplantInBasketScene-v0,bridge_table_1_v2,widowx_sink_camera_setup,/share/data/ripl/tianchong/projects/InternVLA-M1/cache/Projects/SimplerEnv/ManiSkill2_real2sim/data/real_inpainting/bridge_sink.png,0.127,0.06,episode,20,21
InternVLA-M1,eggplant,21,1,20290568,120,PutEggplantInBasketScene-v0,bridge_table_1_v2,widowx_sink_camera_setup,/share/data/ripl/tianchong/projects/InternVLA-M1/cache/Projects/SimplerEnv/ManiSkill2_real2sim/data/real_inpainting/bridge_sink.png,0.127,0.06,episode,21,22
InternVLA-M1,eggplant,22,1,20290569,120,PutEggplantInBasketScene-v0,bridge_table_1_v2,widowx_sink_camera_setup,/share/data/ripl/tianchong/projects/InternVLA-M1/cache/Projects/SimplerEnv/ManiSkill2_real2sim/data/real_inpainting/bridge_sink.png,0.127,0.06,episode,22,23
InternVLA-M1,eggplant,23,1,20290570,120,PutEggplantInBasketScene-v0,bridge_table_1_v2,widowx_sink_camera_setup,/share/data/ripl/tianchong/projects/InternVLA-M1/cache/Projects/SimplerEnv/ManiSkill2_real2sim/data/real_inpainting/bridge_sink.png,0.127,0.06,episode,23,24
InternVLA-M1,eggplant,0,2,20290571,120,PutEggplantInBasketScene-v0,bridge_table_1_v2,widowx_sink_camera_setup,/share/data/ripl/tianchong/projects/InternVLA-M1/cache/Projects/SimplerEnv/ManiSkill2_real2sim/data/real_inpainting/bridge_sink.png,0.127,0.06,episode,0,1
InternVLA-M1,eggplant,1,2,20290572,120,PutEggplantInBasketScene-v0,bridge_table_1_v2,widowx_sink_camera_setup,/share/data/ripl/tianchong/projects/InternVLA-M1/cache/Projects/SimplerEnv/ManiSkill2_real2sim/data/real_inpainting/bridge_sink.png,0.127,0.06,episode,1,2
InternVLA-M1,eggplant,2,2,20290573,120,PutEggplantInBasketScene-v0,bridge_table_1_v2,widowx_sink_camera_setup,/share/data/ripl/tianchong/projects/InternVLA-M1/cache/Projects/SimplerEnv/ManiSkill2_real2sim/data/real_inpainting/bridge_sink.png,0.127,0.06,episode,2,3
InternVLA-M1,eggplant,3,2,20290574,120,PutEggplantInBasketScene-v0,bridge_table_1_v2,widowx_sink_camera_setup,/share/data/ripl/tianchong/projects/InternVLA-M1/cache/Projects/SimplerEnv/ManiSkill2_real2sim/data/real_inpainting/bridge_sink.png,0.127,0.06,episode,3,4
InternVLA-M1,eggplant,4,2,20290575,120,PutEggplantInBasketScene-v0,bridge_table_1_v2,widowx_sink_camera_setup,/share/data/ripl/tianchong/projects/InternVLA-M1/cache/Projects/SimplerEnv/ManiSkill2_real2sim/data/real_inpainting/bridge_sink.png,0.127,0.06,episode,4,5
InternVLA-M1,eggplant,5,2,20290576,120,PutEggplantInBasketScene-v0,bridge_table_1_v2,widowx_sink_camera_setup,/share/data/ripl/tianchong/projects/InternVLA-M1/cache/Projects/SimplerEnv/ManiSkill2_real2sim/data/real_inpainting/bridge_sink.png,0.127,0.06,episode,5,6
InternVLA-M1,eggplant,6,2,20290577,120,PutEggplantInBasketScene-v0,bridge_table_1_v2,widowx_sink_camera_setup,/share/data/ripl/tianchong/projects/InternVLA-M1/cache/Projects/SimplerEnv/ManiSkill2_real2sim/data/real_inpainting/bridge_sink.png,0.127,0.06,episode,6,7
InternVLA-M1,eggplant,7,2,20290578,120,PutEggplantInBasketScene-v0,bridge_table_1_v2,widowx_sink_camera_setup,/share/data/ripl/tianchong/projects/InternVLA-M1/cache/Projects/SimplerEnv/ManiSkill2_real2sim/data/real_inpainting/bridge_sink.png,0.127,0.06,episode,7,8
InternVLA-M1,eggplant,8,2,20290579,120,PutEggplantInBasketScene-v0,bridge_table_1_v2,widowx_sink_camera_setup,/share/data/ripl/tianchong/projects/InternVLA-M1/cache/Projects/SimplerEnv/ManiSkill2_real2sim/data/real_inpainting/bridge_sink.png,0.127,0.06,episode,8,9
InternVLA-M1,eggplant,9,2,20290580,120,PutEggplantInBasketScene-v0,bridge_table_1_v2,widowx_sink_camera_setup,/share/data/ripl/tianchong/projects/InternVLA-M1/cache/Projects/SimplerEnv/ManiSkill2_real2sim/data/real_inpainting/bridge_sink.png,0.127,0.06,episode,9,10
InternVLA-M1,eggplant,10,2,20290581,120,PutEggplantInBasketScene-v0,bridge_table_1_v2,widowx_sink_camera_setup,/share/data/ripl/tianchong/projects/InternVLA-M1/cache/Projects/SimplerEnv/ManiSkill2_real2sim/data/real_inpainting/bridge_sink.png,0.127,0.06,episode,10,11
InternVLA-M1,eggplant,11,2,20290582,120,PutEggplantInBasketScene-v0,bridge_table_1_v2,widowx_sink_camera_setup,/share/data/ripl/tianchong/projects/InternVLA-M1/cache/Projects/SimplerEnv/ManiSkill2_real2sim/data/real_inpainting/bridge_sink.png,0.127,0.06,episode,11,12
InternVLA-M1,eggplant,12,2,20290583,120,PutEggplantInBasketScene-v0,bridge_table_1_v2,widowx_sink_camera_setup,/share/data/ripl/tianchong/projects/InternVLA-M1/cache/Projects/SimplerEnv/ManiSkill2_real2sim/data/real_inpainting/bridge_sink.png,0.127,0.06,episode,12,13
InternVLA-M1,eggplant,13,2,20290584,120,PutEggplantInBasketScene-v0,bridge_table_1_v2,widowx_sink_camera_setup,/share/data/ripl/tianchong/projects/InternVLA-M1/cache/Projects/SimplerEnv/ManiSkill2_real2sim/data/real_inpainting/bridge_sink.png,0.127,0.06,episode,13,14
InternVLA-M1,eggplant,14,2,20290585,120,PutEggplantInBasketScene-v0,bridge_table_1_v2,widowx_sink_camera_setup,/share/data/ripl/tianchong/projects/InternVLA-M1/cache/Projects/SimplerEnv/ManiSkill2_real2sim/data/real_inpainting/bridge_sink.png,0.127,0.06,episode,14,15
InternVLA-M1,eggplant,15,2,20290586,120,PutEggplantInBasketScene-v0,bridge_table_1_v2,widowx_sink_camera_setup,/share/data/ripl/tianchong/projects/InternVLA-M1/cache/Projects/SimplerEnv/ManiSkill2_real2sim/data/real_inpainting/bridge_sink.png,0.127,0.06,episode,15,16
InternVLA-M1,eggplant,16,2,20290587,120,PutEggplantInBasketScene-v0,bridge_table_1_v2,widowx_sink_camera_setup,/share/data/ripl/tianchong/projects/InternVLA-M1/cache/Projects/SimplerEnv/ManiSkill2_real2sim/data/real_inpainting/bridge_sink.png,0.127,0.06,episode,16,17
InternVLA-M1,eggplant,17,2,20290588,120,PutEggplantInBasketScene-v0,bridge_table_1_v2,widowx_sink_camera_setup,/share/data/ripl/tianchong/projects/InternVLA-M1/cache/Projects/SimplerEnv/ManiSkill2_real2sim/data/real_inpainting/bridge_sink.png,0.127,0.06,episode,17,18
InternVLA-M1,eggplant,18,2,20290589,120,PutEggplantInBasketScene-v0,bridge_table_1_v2,widowx_sink_camera_setup,/share/data/ripl/tianchong/projects/InternVLA-M1/cache/Projects/SimplerEnv/ManiSkill2_real2sim/data/real_inpainting/bridge_sink.png,0.127,0.06,episode,18,19
InternVLA-M1,eggplant,19,2,20290590,120,PutEggplantInBasketScene-v0,bridge_table_1_v2,widowx_sink_camera_setup,/share/data/ripl/tianchong/projects/InternVLA-M1/cache/Projects/SimplerEnv/ManiSkill2_real2sim/data/real_inpainting/bridge_sink.png,0.127,0.06,episode,19,20
InternVLA-M1,eggplant,20,2,20290591,120,PutEggplantInBasketScene-v0,bridge_table_1_v2,widowx_sink_camera_setup,/share/data/ripl/tianchong/projects/InternVLA-M1/cache/Projects/SimplerEnv/ManiSkill2_real2sim/data/real_inpainting/bridge_sink.png,0.127,0.06,episode,20,21
InternVLA-M1,eggplant,21,2,20290592,120,PutEggplantInBasketScene-v0,bridge_table_1_v2,widowx_sink_camera_setup,/share/data/ripl/tianchong/projects/InternVLA-M1/cache/Projects/SimplerEnv/ManiSkill2_real2sim/data/real_inpainting/bridge_sink.png,0.127,0.06,episode,21,22
InternVLA-M1,eggplant,22,2,20290593,120,PutEggplantInBasketScene-v0,bridge_table_1_v2,widowx_sink_camera_setup,/share/data/ripl/tianchong/projects/InternVLA-M1/cache/Projects/SimplerEnv/ManiSkill2_real2sim/data/real_inpainting/bridge_sink.png,0.127,0.06,episode,22,23
InternVLA-M1,eggplant,23,2,20290594,120,PutEggplantInBasketScene-v0,bridge_table_1_v2,widowx_sink_camera_setup,/share/data/ripl/tianchong/projects/InternVLA-M1/cache/Projects/SimplerEnv/ManiSkill2_real2sim/data/real_inpainting/bridge_sink.png,0.127,0.06,episode,23,24
InternVLA-M1,eggplant,0,3,20290595,120,PutEggplantInBasketScene-v0,bridge_table_1_v2,widowx_sink_camera_setup,/share/data/ripl/tianchong/projects/InternVLA-M1/cache/Projects/SimplerEnv/ManiSkill2_real2sim/data/real_inpainting/bridge_sink.png,0.127,0.06,episode,0,1
InternVLA-M1,eggplant,1,3,20290596,120,PutEggplantInBasketScene-v0,bridge_table_1_v2,widowx_sink_camera_setup,/share/data/ripl/tianchong/projects/InternVLA-M1/cache/Projects/SimplerEnv/ManiSkill2_real2sim/data/real_inpainting/bridge_sink.png,0.127,0.06,episode,1,2
InternVLA-M1,eggplant,2,3,20290597,120,PutEggplantInBasketScene-v0,bridge_table_1_v2,widowx_sink_camera_setup,/share/data/ripl/tianchong/projects/InternVLA-M1/cache/Projects/SimplerEnv/ManiSkill2_real2sim/data/real_inpainting/bridge_sink.png,0.127,0.06,episode,2,3
InternVLA-M1,eggplant,3,3,20290598,120,PutEggplantInBasketScene-v0,bridge_table_1_v2,widowx_sink_camera_setup,/share/data/ripl/tianchong/projects/InternVLA-M1/cache/Projects/SimplerEnv/ManiSkill2_real2sim/data/real_inpainting/bridge_sink.png,0.127,0.06,episode,3,4
InternVLA-M1,eggplant,4,3,20290599,120,PutEggplantInBasketScene-v0,bridge_table_1_v2,widowx_sink_camera_setup,/share/data/ripl/tianchong/projects/InternVLA-M1/cache/Projects/SimplerEnv/ManiSkill2_real2sim/data/real_inpainting/bridge_sink.png,0.127,0.06,episode,4,5
InternVLA-M1,eggplant,5,3,20290600,120,PutEggplantInBasketScene-v0,bridge_table_1_v2,widowx_sink_camera_setup,/share/data/ripl/tianchong/projects/InternVLA-M1/cache/Projects/SimplerEnv/ManiSkill2_real2sim/data/real_inpainting/bridge_sink.png,0.127,0.06,episode,5,6
InternVLA-M1,eggplant,6,3,20290601,120,PutEggplantInBasketScene-v0,bridge_table_1_v2,widowx_sink_camera_setup,/share/data/ripl/tianchong/projects/InternVLA-M1/cache/Projects/SimplerEnv/ManiSkill2_real2sim/data/real_inpainting/bridge_sink.png,0.127,0.06,episode,6,7
InternVLA-M1,eggplant,7,3,20290602,120,PutEggplantInBasketScene-v0,bridge_table_1_v2,widowx_sink_camera_setup,/share/data/ripl/tianchong/projects/InternVLA-M1/cache/Projects/SimplerEnv/ManiSkill2_real2sim/data/real_inpainting/bridge_sink.png,0.127,0.06,episode,7,8
InternVLA-M1,eggplant,8,3,20290603,120,PutEggplantInBasketScene-v0,bridge_table_1_v2,widowx_sink_camera_setup,/share/data/ripl/tianchong/projects/InternVLA-M1/cache/Projects/SimplerEnv/ManiSkill2_real2sim/data/real_inpainting/bridge_sink.png,0.127,0.06,episode,8,9
InternVLA-M1,eggplant,9,3,20290604,120,PutEggplantInBasketScene-v0,bridge_table_1_v2,widowx_sink_camera_setup,/share/data/ripl/tianchong/projects/InternVLA-M1/cache/Projects/SimplerEnv/ManiSkill2_real2sim/data/real_inpainting/bridge_sink.png,0.127,0.06,episode,9,10
InternVLA-M1,eggplant,10,3,20290605,120,PutEggplantInBasketScene-v0,bridge_table_1_v2,widowx_sink_camera_setup,/share/data/ripl/tianchong/projects/InternVLA-M1/cache/Projects/SimplerEnv/ManiSkill2_real2sim/data/real_inpainting/bridge_sink.png,0.127,0.06,episode,10,11
InternVLA-M1,eggplant,11,3,20290606,120,PutEggplantInBasketScene-v0,bridge_table_1_v2,widowx_sink_camera_setup,/share/data/ripl/tianchong/projects/InternVLA-M1/cache/Projects/SimplerEnv/ManiSkill2_real2sim/data/real_inpainting/bridge_sink.png,0.127,0.06,episode,11,12
InternVLA-M1,eggplant,12,3,20290607,120,PutEggplantInBasketScene-v0,bridge_table_1_v2,widowx_sink_camera_setup,/share/data/ripl/tianchong/projects/InternVLA-M1/cache/Projects/SimplerEnv/ManiSkill2_real2sim/data/real_inpainting/bridge_sink.png,0.127,0.06,episode,12,13
InternVLA-M1,eggplant,13,3,20290608,120,PutEggplantInBasketScene-v0,bridge_table_1_v2,widowx_sink_camera_setup,/share/data/ripl/tianchong/projects/InternVLA-M1/cache/Projects/SimplerEnv/ManiSkill2_real2sim/data/real_inpainting/bridge_sink.png,0.127,0.06,episode,13,14
InternVLA-M1,eggplant,14,3,20290609,120,PutEggplantInBasketScene-v0,bridge_table_1_v2,widowx_sink_camera_setup,/share/data/ripl/tianchong/projects/InternVLA-M1/cache/Projects/SimplerEnv/ManiSkill2_real2sim/data/real_inpainting/bridge_sink.png,0.127,0.06,episode,14,15
InternVLA-M1,eggplant,15,3,20290610,120,PutEggplantInBasketScene-v0,bridge_table_1_v2,widowx_sink_camera_setup,/share/data/ripl/tianchong/projects/InternVLA-M1/cache/Projects/SimplerEnv/ManiSkill2_real2sim/data/real_inpainting/bridge_sink.png,0.127,0.06,episode,15,16
InternVLA-M1,eggplant,16,3,20290611,120,PutEggplantInBasketScene-v0,bridge_table_1_v2,widowx_sink_camera_setup,/share/data/ripl/tianchong/projects/InternVLA-M1/cache/Projects/SimplerEnv/ManiSkill2_real2sim/data/real_inpainting/bridge_sink.png,0.127,0.06,episode,16,17
InternVLA-M1,eggplant,17,3,20290612,120,PutEggplantInBasketScene-v0,bridge_table_1_v2,widowx_sink_camera_setup,/share/data/ripl/tianchong/projects/InternVLA-M1/cache/Projects/SimplerEnv/ManiSkill2_real2sim/data/real_inpainting/bridge_sink.png,0.127,0.06,episode,17,18
InternVLA-M1,eggplant,18,3,20290613,120,PutEggplantInBasketScene-v0,bridge_table_1_v2,widowx_sink_camera_setup,/share/data/ripl/tianchong/projects/InternVLA-M1/cache/Projects/SimplerEnv/ManiSkill2_real2sim/data/real_inpainting/bridge_sink.png,0.127,0.06,episode,18,19
InternVLA-M1,eggplant,19,3,20290614,120,PutEggplantInBasketScene-v0,bridge_table_1_v2,widowx_sink_camera_setup,/share/data/ripl/tianchong/projects/InternVLA-M1/cache/Projects/SimplerEnv/ManiSkill2_real2sim/data/real_inpainting/bridge_sink.png,0.127,0.06,episode,19,20
InternVLA-M1,eggplant,20,3,20290615,120,PutEggplantInBasketScene-v0,bridge_table_1_v2,widowx_sink_camera_setup,/share/data/ripl/tianchong/projects/InternVLA-M1/cache/Projects/SimplerEnv/ManiSkill2_real2sim/data/real_inpainting/bridge_sink.png,0.127,0.06,episode,20,21
InternVLA-M1,eggplant,21,3,20290616,120,PutEggplantInBasketScene-v0,bridge_table_1_v2,widowx_sink_camera_setup,/share/data/ripl/tianchong/projects/InternVLA-M1/cache/Projects/SimplerEnv/ManiSkill2_real2sim/data/real_inpainting/bridge_sink.png,0.127,0.06,episode,21,22
InternVLA-M1,eggplant,22,3,20290617,120,PutEggplantInBasketScene-v0,bridge_table_1_v2,widowx_sink_camera_setup,/share/data/ripl/tianchong/projects/InternVLA-M1/cache/Projects/SimplerEnv/ManiSkill2_real2sim/data/real_inpainting/bridge_sink.png,0.127,0.06,episode,22,23
InternVLA-M1,eggplant,23,3,20290618,120,PutEggplantInBasketScene-v0,bridge_table_1_v2,widowx_sink_camera_setup,/share/data/ripl/tianchong/projects/InternVLA-M1/cache/Projects/SimplerEnv/ManiSkill2_real2sim/data/real_inpainting/bridge_sink.png,0.127,0.06,episode,23,24
InternVLA-M1,eggplant,0,4,20290619,120,PutEggplantInBasketScene-v0,bridge_table_1_v2,widowx_sink_camera_setup,/share/data/ripl/tianchong/projects/InternVLA-M1/cache/Projects/SimplerEnv/ManiSkill2_real2sim/data/real_inpainting/bridge_sink.png,0.127,0.06,episode,0,1
InternVLA-M1,eggplant,1,4,20290620,120,PutEggplantInBasketScene-v0,bridge_table_1_v2,widowx_sink_camera_setup,/share/data/ripl/tianchong/projects/InternVLA-M1/cache/Projects/SimplerEnv/ManiSkill2_real2sim/data/real_inpainting/bridge_sink.png,0.127,0.06,episode,1,2
InternVLA-M1,eggplant,2,4,20290621,120,PutEggplantInBasketScene-v0,bridge_table_1_v2,widowx_sink_camera_setup,/share/data/ripl/tianchong/projects/InternVLA-M1/cache/Projects/SimplerEnv/ManiSkill2_real2sim/data/real_inpainting/bridge_sink.png,0.127,0.06,episode,2,3
InternVLA-M1,eggplant,3,4,20290622,120,PutEggplantInBasketScene-v0,bridge_table_1_v2,widowx_sink_camera_setup,/share/data/ripl/tianchong/projects/InternVLA-M1/cache/Projects/SimplerEnv/ManiSkill2_real2sim/data/real_inpainting/bridge_sink.png,0.127,0.06,episode,3,4
InternVLA-M1,eggplant,4,4,20290623,120,PutEggplantInBasketScene-v0,bridge_table_1_v2,widowx_sink_camera_setup,/share/data/ripl/tianchong/projects/InternVLA-M1/cache/Projects/SimplerEnv/ManiSkill2_real2sim/data/real_inpainting/bridge_sink.png,0.127,0.06,episode,4,5
InternVLA-M1,eggplant,5,4,20290624,120,PutEggplantInBasketScene-v0,bridge_table_1_v2,widowx_sink_camera_setup,/share/data/ripl/tianchong/projects/InternVLA-M1/cache/Projects/SimplerEnv/ManiSkill2_real2sim/data/real_inpainting/bridge_sink.png,0.127,0.06,episode,5,6
InternVLA-M1,eggplant,6,4,20290625,120,PutEggplantInBasketScene-v0,bridge_table_1_v2,widowx_sink_camera_setup,/share/data/ripl/tianchong/projects/InternVLA-M1/cache/Projects/SimplerEnv/ManiSkill2_real2sim/data/real_inpainting/bridge_sink.png,0.127,0.06,episode,6,7
InternVLA-M1,eggplant,7,4,20290626,120,PutEggplantInBasketScene-v0,bridge_table_1_v2,widowx_sink_camera_setup,/share/data/ripl/tianchong/projects/InternVLA-M1/cache/Projects/SimplerEnv/ManiSkill2_real2sim/data/real_inpainting/bridge_sink.png,0.127,0.06,episode,7,8
InternVLA-M1,eggplant,8,4,20290627,120,PutEggplantInBasketScene-v0,bridge_table_1_v2,widowx_sink_camera_setup,/share/data/ripl/tianchong/projects/InternVLA-M1/cache/Projects/SimplerEnv/ManiSkill2_real2sim/data/real_inpainting/bridge_sink.png,0.127,0.06,episode,8,9
InternVLA-M1,eggplant,9,4,20290628,120,PutEggplantInBasketScene-v0,bridge_table_1_v2,widowx_sink_camera_setup,/share/data/ripl/tianchong/projects/InternVLA-M1/cache/Projects/SimplerEnv/ManiSkill2_real2sim/data/real_inpainting/bridge_sink.png,0.127,0.06,episode,9,10
InternVLA-M1,eggplant,10,4,20290629,120,PutEggplantInBasketScene-v0,bridge_table_1_v2,widowx_sink_camera_setup,/share/data/ripl/tianchong/projects/InternVLA-M1/cache/Projects/SimplerEnv/ManiSkill2_real2sim/data/real_inpainting/bridge_sink.png,0.127,0.06,episode,10,11
InternVLA-M1,eggplant,11,4,20290630,120,PutEggplantInBasketScene-v0,bridge_table_1_v2,widowx_sink_camera_setup,/share/data/ripl/tianchong/projects/InternVLA-M1/cache/Projects/SimplerEnv/ManiSkill2_real2sim/data/real_inpainting/bridge_sink.png,0.127,0.06,episode,11,12
InternVLA-M1,eggplant,12,4,20290631,120,PutEggplantInBasketScene-v0,bridge_table_1_v2,widowx_sink_camera_setup,/share/data/ripl/tianchong/projects/InternVLA-M1/cache/Projects/SimplerEnv/ManiSkill2_real2sim/data/real_inpainting/bridge_sink.png,0.127,0.06,episode,12,13
InternVLA-M1,eggplant,13,4,20290632,120,PutEggplantInBasketScene-v0,bridge_table_1_v2,widowx_sink_camera_setup,/share/data/ripl/tianchong/projects/InternVLA-M1/cache/Projects/SimplerEnv/ManiSkill2_real2sim/data/real_inpainting/bridge_sink.png,0.127,0.06,episode,13,14
InternVLA-M1,eggplant,14,4,20290633,120,PutEggplantInBasketScene-v0,bridge_table_1_v2,widowx_sink_camera_setup,/share/data/ripl/tianchong/projects/InternVLA-M1/cache/Projects/SimplerEnv/ManiSkill2_real2sim/data/real_inpainting/bridge_sink.png,0.127,0.06,episode,14,15
InternVLA-M1,eggplant,15,4,20290634,120,PutEggplantInBasketScene-v0,bridge_table_1_v2,widowx_sink_camera_setup,/share/data/ripl/tianchong/projects/InternVLA-M1/cache/Projects/SimplerEnv/ManiSkill2_real2sim/data/real_inpainting/bridge_sink.png,0.127,0.06,episode,15,16
InternVLA-M1,eggplant,16,4,20290635,120,PutEggplantInBasketScene-v0,bridge_table_1_v2,widowx_sink_camera_setup,/share/data/ripl/tianchong/projects/InternVLA-M1/cache/Projects/SimplerEnv/ManiSkill2_real2sim/data/real_inpainting/bridge_sink.png,0.127,0.06,episode,16,17
InternVLA-M1,eggplant,17,4,20290636,120,PutEggplantInBasketScene-v0,bridge_table_1_v2,widowx_sink_camera_setup,/share/data/ripl/tianchong/projects/InternVLA-M1/cache/Projects/SimplerEnv/ManiSkill2_real2sim/data/real_inpainting/bridge_sink.png,0.127,0.06,episode,17,18
InternVLA-M1,eggplant,18,4,20290637,120,PutEggplantInBasketScene-v0,bridge_table_1_v2,widowx_sink_camera_setup,/share/data/ripl/tianchong/projects/InternVLA-M1/cache/Projects/SimplerEnv/ManiSkill2_real2sim/data/real_inpainting/bridge_sink.png,0.127,0.06,episode,18,19
InternVLA-M1,eggplant,19,4,20290638,120,PutEggplantInBasketScene-v0,bridge_table_1_v2,widowx_sink_camera_setup,/share/data/ripl/tianchong/projects/InternVLA-M1/cache/Projects/SimplerEnv/ManiSkill2_real2sim/data/real_inpainting/bridge_sink.png,0.127,0.06,episode,19,20
InternVLA-M1,eggplant,20,4,20290639,120,PutEggplantInBasketScene-v0,bridge_table_1_v2,widowx_sink_camera_setup,/share/data/ripl/tianchong/projects/InternVLA-M1/cache/Projects/SimplerEnv/ManiSkill2_real2sim/data/real_inpainting/bridge_sink.png,0.127,0.06,episode,20,21
InternVLA-M1,eggplant,21,4,20290640,120,PutEggplantInBasketScene-v0,bridge_table_1_v2,widowx_sink_camera_setup,/share/data/ripl/tianchong/projects/InternVLA-M1/cache/Projects/SimplerEnv/ManiSkill2_real2sim/data/real_inpainting/bridge_sink.png,0.127,0.06,episode,21,22
InternVLA-M1,eggplant,22,4,20290641,120,PutEggplantInBasketScene-v0,bridge_table_1_v2,widowx_sink_camera_setup,/share/data/ripl/tianchong/projects/InternVLA-M1/cache/Projects/SimplerEnv/ManiSkill2_real2sim/data/real_inpainting/bridge_sink.png,0.127,0.06,episode,22,23
InternVLA-M1,eggplant,23,4,20290642,120,PutEggplantInBasketScene-v0,bridge_table_1_v2,widowx_sink_camera_setup,/share/data/ripl/tianchong/projects/InternVLA-M1/cache/Projects/SimplerEnv/ManiSkill2_real2sim/data/real_inpainting/bridge_sink.png,0.127,0.06,episode,23,24
InternVLA-M1,eggplant,0,5,20290643,120,PutEggplantInBasketScene-v0,bridge_table_1_v2,widowx_sink_camera_setup,/share/data/ripl/tianchong/projects/InternVLA-M1/cache/Projects/SimplerEnv/ManiSkill2_real2sim/data/real_inpainting/bridge_sink.png,0.127,0.06,episode,0,1
InternVLA-M1,eggplant,1,5,20290644,120,PutEggplantInBasketScene-v0,bridge_table_1_v2,widowx_sink_camera_setup,/share/data/ripl/tianchong/projects/InternVLA-M1/cache/Projects/SimplerEnv/ManiSkill2_real2sim/data/real_inpainting/bridge_sink.png,0.127,0.06,episode,1,2
InternVLA-M1,eggplant,2,5,20290645,120,PutEggplantInBasketScene-v0,bridge_table_1_v2,widowx_sink_camera_setup,/share/data/ripl/tianchong/projects/InternVLA-M1/cache/Projects/SimplerEnv/ManiSkill2_real2sim/data/real_inpainting/bridge_sink.png,0.127,0.06,episode,2,3
InternVLA-M1,eggplant,3,5,20290646,120,PutEggplantInBasketScene-v0,bridge_table_1_v2,widowx_sink_camera_setup,/share/data/ripl/tianchong/projects/InternVLA-M1/cache/Projects/SimplerEnv/ManiSkill2_real2sim/data/real_inpainting/bridge_sink.png,0.127,0.06,episode,3,4
InternVLA-M1,eggplant,4,5,20290647,120,PutEggplantInBasketScene-v0,bridge_table_1_v2,widowx_sink_camera_setup,/share/data/ripl/tianchong/projects/InternVLA-M1/cache/Projects/SimplerEnv/ManiSkill2_real2sim/data/real_inpainting/bridge_sink.png,0.127,0.06,episode,4,5
InternVLA-M1,eggplant,5,5,20290648,120,PutEggplantInBasketScene-v0,bridge_table_1_v2,widowx_sink_camera_setup,/share/data/ripl/tianchong/projects/InternVLA-M1/cache/Projects/SimplerEnv/ManiSkill2_real2sim/data/real_inpainting/bridge_sink.png,0.127,0.06,episode,5,6
InternVLA-M1,eggplant,6,5,20290649,120,PutEggplantInBasketScene-v0,bridge_table_1_v2,widowx_sink_camera_setup,/share/data/ripl/tianchong/projects/InternVLA-M1/cache/Projects/SimplerEnv/ManiSkill2_real2sim/data/real_inpainting/bridge_sink.png,0.127,0.06,episode,6,7
InternVLA-M1,eggplant,7,5,20290650,120,PutEggplantInBasketScene-v0,bridge_table_1_v2,widowx_sink_camera_setup,/share/data/ripl/tianchong/projects/InternVLA-M1/cache/Projects/SimplerEnv/ManiSkill2_real2sim/data/real_inpainting/bridge_sink.png,0.127,0.06,episode,7,8
InternVLA-M1,eggplant,8,5,20290651,120,PutEggplantInBasketScene-v0,bridge_table_1_v2,widowx_sink_camera_setup,/share/data/ripl/tianchong/projects/InternVLA-M1/cache/Projects/SimplerEnv/ManiSkill2_real2sim/data/real_inpainting/bridge_sink.png,0.127,0.06,episode,8,9
InternVLA-M1,eggplant,9,5,20290652,120,PutEggplantInBasketScene-v0,bridge_table_1_v2,widowx_sink_camera_setup,/share/data/ripl/tianchong/projects/InternVLA-M1/cache/Projects/SimplerEnv/ManiSkill2_real2sim/data/real_inpainting/bridge_sink.png,0.127,0.06,episode,9,10
InternVLA-M1,eggplant,10,5,20290653,120,PutEggplantInBasketScene-v0,bridge_table_1_v2,widowx_sink_camera_setup,/share/data/ripl/tianchong/projects/InternVLA-M1/cache/Projects/SimplerEnv/ManiSkill2_real2sim/data/real_inpainting/bridge_sink.png,0.127,0.06,episode,10,11
InternVLA-M1,eggplant,11,5,20290654,120,PutEggplantInBasketScene-v0,bridge_table_1_v2,widowx_sink_camera_setup,/share/data/ripl/tianchong/projects/InternVLA-M1/cache/Projects/SimplerEnv/ManiSkill2_real2sim/data/real_inpainting/bridge_sink.png,0.127,0.06,episode,11,12
InternVLA-M1,eggplant,12,5,20290655,120,PutEggplantInBasketScene-v0,bridge_table_1_v2,widowx_sink_camera_setup,/share/data/ripl/tianchong/projects/InternVLA-M1/cache/Projects/SimplerEnv/ManiSkill2_real2sim/data/real_inpainting/bridge_sink.png,0.127,0.06,episode,12,13
InternVLA-M1,eggplant,13,5,20290656,120,PutEggplantInBasketScene-v0,bridge_table_1_v2,widowx_sink_camera_setup,/share/data/ripl/tianchong/projects/InternVLA-M1/cache/Projects/SimplerEnv/ManiSkill2_real2sim/data/real_inpainting/bridge_sink.png,0.127,0.06,episode,13,14
InternVLA-M1,eggplant,14,5,20290657,120,PutEggplantInBasketScene-v0,bridge_table_1_v2,widowx_sink_camera_setup,/share/data/ripl/tianchong/projects/InternVLA-M1/cache/Projects/SimplerEnv/ManiSkill2_real2sim/data/real_inpainting/bridge_sink.png,0.127,0.06,episode,14,15
InternVLA-M1,eggplant,15,5,20290658,120,PutEggplantInBasketScene-v0,bridge_table_1_v2,widowx_sink_camera_setup,/share/data/ripl/tianchong/projects/InternVLA-M1/cache/Projects/SimplerEnv/ManiSkill2_real2sim/data/real_inpainting/bridge_sink.png,0.127,0.06,episode,15,16
InternVLA-M1,eggplant,16,5,20290659,120,PutEggplantInBasketScene-v0,bridge_table_1_v2,widowx_sink_camera_setup,/share/data/ripl/tianchong/projects/InternVLA-M1/cache/Projects/SimplerEnv/ManiSkill2_real2sim/data/real_inpainting/bridge_sink.png,0.127,0.06,episode,16,17
InternVLA-M1,eggplant,17,5,20290660,120,PutEggplantInBasketScene-v0,bridge_table_1_v2,widowx_sink_camera_setup,/share/data/ripl/tianchong/projects/InternVLA-M1/cache/Projects/SimplerEnv/ManiSkill2_real2sim/data/real_inpainting/bridge_sink.png,0.127,0.06,episode,17,18
InternVLA-M1,eggplant,18,5,20290661,120,PutEggplantInBasketScene-v0,bridge_table_1_v2,widowx_sink_camera_setup,/share/data/ripl/tianchong/projects/InternVLA-M1/cache/Projects/SimplerEnv/ManiSkill2_real2sim/data/real_inpainting/bridge_sink.png,0.127,0.06,episode,18,19
InternVLA-M1,eggplant,19,5,20290662,120,PutEggplantInBasketScene-v0,bridge_table_1_v2,widowx_sink_camera_setup,/share/data/ripl/tianchong/projects/InternVLA-M1/cache/Projects/SimplerEnv/ManiSkill2_real2sim/data/real_inpainting/bridge_sink.png,0.127,0.06,episode,19,20
InternVLA-M1,eggplant,20,5,20290663,120,PutEggplantInBasketScene-v0,bridge_table_1_v2,widowx_sink_camera_setup,/share/data/ripl/tianchong/projects/InternVLA-M1/cache/Projects/SimplerEnv/ManiSkill2_real2sim/data/real_inpainting/bridge_sink.png,0.127,0.06,episode,20,21
InternVLA-M1,eggplant,21,5,20290664,120,PutEggplantInBasketScene-v0,bridge_table_1_v2,widowx_sink_camera_setup,/share/data/ripl/tianchong/projects/InternVLA-M1/cache/Projects/SimplerEnv/ManiSkill2_real2sim/data/real_inpainting/bridge_sink.png,0.127,0.06,episode,21,22
InternVLA-M1,eggplant,22,5,20290665,120,PutEggplantInBasketScene-v0,bridge_table_1_v2,widowx_sink_camera_setup,/share/data/ripl/tianchong/projects/InternVLA-M1/cache/Projects/SimplerEnv/ManiSkill2_real2sim/data/real_inpainting/bridge_sink.png,0.127,0.06,episode,22,23
InternVLA-M1,eggplant,23,5,20290666,120,PutEggplantInBasketScene-v0,bridge_table_1_v2,widowx_sink_camera_setup,/share/data/ripl/tianchong/projects/InternVLA-M1/cache/Projects/SimplerEnv/ManiSkill2_real2sim/data/real_inpainting/bridge_sink.png,0.127,0.06,episode,23,24
InternVLA-M1,eggplant,0,6,20290667,120,PutEggplantInBasketScene-v0,bridge_table_1_v2,widowx_sink_camera_setup,/share/data/ripl/tianchong/projects/InternVLA-M1/cache/Projects/SimplerEnv/ManiSkill2_real2sim/data/real_inpainting/bridge_sink.png,0.127,0.06,episode,0,1
InternVLA-M1,eggplant,1,6,20290668,120,PutEggplantInBasketScene-v0,bridge_table_1_v2,widowx_sink_camera_setup,/share/data/ripl/tianchong/projects/InternVLA-M1/cache/Projects/SimplerEnv/ManiSkill2_real2sim/data/real_inpainting/bridge_sink.png,0.127,0.06,episode,1,2
InternVLA-M1,eggplant,2,6,20290669,120,PutEggplantInBasketScene-v0,bridge_table_1_v2,widowx_sink_camera_setup,/share/data/ripl/tianchong/projects/InternVLA-M1/cache/Projects/SimplerEnv/ManiSkill2_real2sim/data/real_inpainting/bridge_sink.png,0.127,0.06,episode,2,3
InternVLA-M1,eggplant,3,6,20290670,120,PutEggplantInBasketScene-v0,bridge_table_1_v2,widowx_sink_camera_setup,/share/data/ripl/tianchong/projects/InternVLA-M1/cache/Projects/SimplerEnv/ManiSkill2_real2sim/data/real_inpainting/bridge_sink.png,0.127,0.06,episode,3,4
InternVLA-M1,eggplant,4,6,20290671,120,PutEggplantInBasketScene-v0,bridge_table_1_v2,widowx_sink_camera_setup,/share/data/ripl/tianchong/projects/InternVLA-M1/cache/Projects/SimplerEnv/ManiSkill2_real2sim/data/real_inpainting/bridge_sink.png,0.127,0.06,episode,4,5
InternVLA-M1,eggplant,5,6,20290672,120,PutEggplantInBasketScene-v0,bridge_table_1_v2,widowx_sink_camera_setup,/share/data/ripl/tianchong/projects/InternVLA-M1/cache/Projects/SimplerEnv/ManiSkill2_real2sim/data/real_inpainting/bridge_sink.png,0.127,0.06,episode,5,6
InternVLA-M1,eggplant,6,6,20290673,120,PutEggplantInBasketScene-v0,bridge_table_1_v2,widowx_sink_camera_setup,/share/data/ripl/tianchong/projects/InternVLA-M1/cache/Projects/SimplerEnv/ManiSkill2_real2sim/data/real_inpainting/bridge_sink.png,0.127,0.06,episode,6,7
InternVLA-M1,eggplant,7,6,20290674,120,PutEggplantInBasketScene-v0,bridge_table_1_v2,widowx_sink_camera_setup,/share/data/ripl/tianchong/projects/InternVLA-M1/cache/Projects/SimplerEnv/ManiSkill2_real2sim/data/real_inpainting/bridge_sink.png,0.127,0.06,episode,7,8
InternVLA-M1,eggplant,8,6,20290675,120,PutEggplantInBasketScene-v0,bridge_table_1_v2,widowx_sink_camera_setup,/share/data/ripl/tianchong/projects/InternVLA-M1/cache/Projects/SimplerEnv/ManiSkill2_real2sim/data/real_inpainting/bridge_sink.png,0.127,0.06,episode,8,9
InternVLA-M1,eggplant,9,6,20290676,120,PutEggplantInBasketScene-v0,bridge_table_1_v2,widowx_sink_camera_setup,/share/data/ripl/tianchong/projects/InternVLA-M1/cache/Projects/SimplerEnv/ManiSkill2_real2sim/data/real_inpainting/bridge_sink.png,0.127,0.06,episode,9,10
InternVLA-M1,eggplant,10,6,20290677,120,PutEggplantInBasketScene-v0,bridge_table_1_v2,widowx_sink_camera_setup,/share/data/ripl/tianchong/projects/InternVLA-M1/cache/Projects/SimplerEnv/ManiSkill2_real2sim/data/real_inpainting/bridge_sink.png,0.127,0.06,episode,10,11
InternVLA-M1,eggplant,11,6,20290678,120,PutEggplantInBasketScene-v0,bridge_table_1_v2,widowx_sink_camera_setup,/share/data/ripl/tianchong/projects/InternVLA-M1/cache/Projects/SimplerEnv/ManiSkill2_real2sim/data/real_inpainting/bridge_sink.png,0.127,0.06,episode,11,12
InternVLA-M1,eggplant,12,6,20290679,120,PutEggplantInBasketScene-v0,bridge_table_1_v2,widowx_sink_camera_setup,/share/data/ripl/tianchong/projects/InternVLA-M1/cache/Projects/SimplerEnv/ManiSkill2_real2sim/data/real_inpainting/bridge_sink.png,0.127,0.06,episode,12,13
InternVLA-M1,eggplant,13,6,20290680,120,PutEggplantInBasketScene-v0,bridge_table_1_v2,widowx_sink_camera_setup,/share/data/ripl/tianchong/projects/InternVLA-M1/cache/Projects/SimplerEnv/ManiSkill2_real2sim/data/real_inpainting/bridge_sink.png,0.127,0.06,episode,13,14
InternVLA-M1,eggplant,14,6,20290681,120,PutEggplantInBasketScene-v0,bridge_table_1_v2,widowx_sink_camera_setup,/share/data/ripl/tianchong/projects/InternVLA-M1/cache/Projects/SimplerEnv/ManiSkill2_real2sim/data/real_inpainting/bridge_sink.png,0.127,0.06,episode,14,15
InternVLA-M1,eggplant,15,6,20290682,120,PutEggplantInBasketScene-v0,bridge_table_1_v2,widowx_sink_camera_setup,/share/data/ripl/tianchong/projects/InternVLA-M1/cache/Projects/SimplerEnv/ManiSkill2_real2sim/data/real_inpainting/bridge_sink.png,0.127,0.06,episode,15,16
InternVLA-M1,eggplant,16,6,20290683,120,PutEggplantInBasketScene-v0,bridge_table_1_v2,widowx_sink_camera_setup,/share/data/ripl/tianchong/projects/InternVLA-M1/cache/Projects/SimplerEnv/ManiSkill2_real2sim/data/real_inpainting/bridge_sink.png,0.127,0.06,episode,16,17
InternVLA-M1,eggplant,17,6,20290684,120,PutEggplantInBasketScene-v0,bridge_table_1_v2,widowx_sink_camera_setup,/share/data/ripl/tianchong/projects/InternVLA-M1/cache/Projects/SimplerEnv/ManiSkill2_real2sim/data/real_inpainting/bridge_sink.png,0.127,0.06,episode,17,18
InternVLA-M1,eggplant,18,6,20290685,120,PutEggplantInBasketScene-v0,bridge_table_1_v2,widowx_sink_camera_setup,/share/data/ripl/tianchong/projects/InternVLA-M1/cache/Projects/SimplerEnv/ManiSkill2_real2sim/data/real_inpainting/bridge_sink.png,0.127,0.06,episode,18,19
InternVLA-M1,eggplant,19,6,20290686,120,PutEggplantInBasketScene-v0,bridge_table_1_v2,widowx_sink_camera_setup,/share/data/ripl/tianchong/projects/InternVLA-M1/cache/Projects/SimplerEnv/ManiSkill2_real2sim/data/real_inpainting/bridge_sink.png,0.127,0.06,episode,19,20
InternVLA-M1,eggplant,20,6,20290687,120,PutEggplantInBasketScene-v0,bridge_table_1_v2,widowx_sink_camera_setup,/share/data/ripl/tianchong/projects/InternVLA-M1/cache/Projects/SimplerEnv/ManiSkill2_real2sim/data/real_inpainting/bridge_sink.png,0.127,0.06,episode,20,21
InternVLA-M1,eggplant,21,6,20290688,120,PutEggplantInBasketScene-v0,bridge_table_1_v2,widowx_sink_camera_setup,/share/data/ripl/tianchong/projects/InternVLA-M1/cache/Projects/SimplerEnv/ManiSkill2_real2sim/data/real_inpainting/bridge_sink.png,0.127,0.06,episode,21,22
InternVLA-M1,eggplant,22,6,20290689,120,PutEggplantInBasketScene-v0,bridge_table_1_v2,widowx_sink_camera_setup,/share/data/ripl/tianchong/projects/InternVLA-M1/cache/Projects/SimplerEnv/ManiSkill2_real2sim/data/real_inpainting/bridge_sink.png,0.127,0.06,episode,22,23
InternVLA-M1,eggplant,23,6,20290690,120,PutEggplantInBasketScene-v0,bridge_table_1_v2,widowx_sink_camera_setup,/share/data/ripl/tianchong/projects/InternVLA-M1/cache/Projects/SimplerEnv/ManiSkill2_real2sim/data/real_inpainting/bridge_sink.png,0.127,0.06,episode,23,24
InternVLA-M1,eggplant,0,7,20290691,120,PutEggplantInBasketScene-v0,bridge_table_1_v2,widowx_sink_camera_setup,/share/data/ripl/tianchong/projects/InternVLA-M1/cache/Projects/SimplerEnv/ManiSkill2_real2sim/data/real_inpainting/bridge_sink.png,0.127,0.06,episode,0,1
InternVLA-M1,eggplant,1,7,20290692,120,PutEggplantInBasketScene-v0,bridge_table_1_v2,widowx_sink_camera_setup,/share/data/ripl/tianchong/projects/InternVLA-M1/cache/Projects/SimplerEnv/ManiSkill2_real2sim/data/real_inpainting/bridge_sink.png,0.127,0.06,episode,1,2
InternVLA-M1,eggplant,2,7,20290693,120,PutEggplantInBasketScene-v0,bridge_table_1_v2,widowx_sink_camera_setup,/share/data/ripl/tianchong/projects/InternVLA-M1/cache/Projects/SimplerEnv/ManiSkill2_real2sim/data/real_inpainting/bridge_sink.png,0.127,0.06,episode,2,3
InternVLA-M1,eggplant,3,7,20290694,120,PutEggplantInBasketScene-v0,bridge_table_1_v2,widowx_sink_camera_setup,/share/data/ripl/tianchong/projects/InternVLA-M1/cache/Projects/SimplerEnv/ManiSkill2_real2sim/data/real_inpainting/bridge_sink.png,0.127,0.06,episode,3,4
InternVLA-M1,eggplant,4,7,20290695,120,PutEggplantInBasketScene-v0,bridge_table_1_v2,widowx_sink_camera_setup,/share/data/ripl/tianchong/projects/InternVLA-M1/cache/Projects/SimplerEnv/ManiSkill2_real2sim/data/real_inpainting/bridge_sink.png,0.127,0.06,episode,4,5
InternVLA-M1,eggplant,5,7,20290696,120,PutEggplantInBasketScene-v0,bridge_table_1_v2,widowx_sink_camera_setup,/share/data/ripl/tianchong/projects/InternVLA-M1/cache/Projects/SimplerEnv/ManiSkill2_real2sim/data/real_inpainting/bridge_sink.png,0.127,0.06,episode,5,6
InternVLA-M1,eggplant,6,7,20290697,120,PutEggplantInBasketScene-v0,bridge_table_1_v2,widowx_sink_camera_setup,/share/data/ripl/tianchong/projects/InternVLA-M1/cache/Projects/SimplerEnv/ManiSkill2_real2sim/data/real_inpainting/bridge_sink.png,0.127,0.06,episode,6,7
InternVLA-M1,eggplant,7,7,20290698,120,PutEggplantInBasketScene-v0,bridge_table_1_v2,widowx_sink_camera_setup,/share/data/ripl/tianchong/projects/InternVLA-M1/cache/Projects/SimplerEnv/ManiSkill2_real2sim/data/real_inpainting/bridge_sink.png,0.127,0.06,episode,7,8
InternVLA-M1,eggplant,8,7,20290699,120,PutEggplantInBasketScene-v0,bridge_table_1_v2,widowx_sink_camera_setup,/share/data/ripl/tianchong/projects/InternVLA-M1/cache/Projects/SimplerEnv/ManiSkill2_real2sim/data/real_inpainting/bridge_sink.png,0.127,0.06,episode,8,9
InternVLA-M1,eggplant,9,7,20290700,120,PutEggplantInBasketScene-v0,bridge_table_1_v2,widowx_sink_camera_setup,/share/data/ripl/tianchong/projects/InternVLA-M1/cache/Projects/SimplerEnv/ManiSkill2_real2sim/data/real_inpainting/bridge_sink.png,0.127,0.06,episode,9,10
InternVLA-M1,eggplant,10,7,20290701,120,PutEggplantInBasketScene-v0,bridge_table_1_v2,widowx_sink_camera_setup,/share/data/ripl/tianchong/projects/InternVLA-M1/cache/Projects/SimplerEnv/ManiSkill2_real2sim/data/real_inpainting/bridge_sink.png,0.127,0.06,episode,10,11
InternVLA-M1,eggplant,11,7,20290702,120,PutEggplantInBasketScene-v0,bridge_table_1_v2,widowx_sink_camera_setup,/share/data/ripl/tianchong/projects/InternVLA-M1/cache/Projects/SimplerEnv/ManiSkill2_real2sim/data/real_inpainting/bridge_sink.png,0.127,0.06,episode,11,12
InternVLA-M1,eggplant,12,7,20290703,120,PutEggplantInBasketScene-v0,bridge_table_1_v2,widowx_sink_camera_setup,/share/data/ripl/tianchong/projects/InternVLA-M1/cache/Projects/SimplerEnv/ManiSkill2_real2sim/data/real_inpainting/bridge_sink.png,0.127,0.06,episode,12,13
InternVLA-M1,eggplant,13,7,20290704,120,PutEggplantInBasketScene-v0,bridge_table_1_v2,widowx_sink_camera_setup,/share/data/ripl/tianchong/projects/InternVLA-M1/cache/Projects/SimplerEnv/ManiSkill2_real2sim/data/real_inpainting/bridge_sink.png,0.127,0.06,episode,13,14
InternVLA-M1,eggplant,14,7,20290705,120,PutEggplantInBasketScene-v0,bridge_table_1_v2,widowx_sink_camera_setup,/share/data/ripl/tianchong/projects/InternVLA-M1/cache/Projects/SimplerEnv/ManiSkill2_real2sim/data/real_inpainting/bridge_sink.png,0.127,0.06,episode,14,15
InternVLA-M1,eggplant,15,7,20290706,120,PutEggplantInBasketScene-v0,bridge_table_1_v2,widowx_sink_camera_setup,/share/data/ripl/tianchong/projects/InternVLA-M1/cache/Projects/SimplerEnv/ManiSkill2_real2sim/data/real_inpainting/bridge_sink.png,0.127,0.06,episode,15,16
InternVLA-M1,eggplant,16,7,20290707,120,PutEggplantInBasketScene-v0,bridge_table_1_v2,widowx_sink_camera_setup,/share/data/ripl/tianchong/projects/InternVLA-M1/cache/Projects/SimplerEnv/ManiSkill2_real2sim/data/real_inpainting/bridge_sink.png,0.127,0.06,episode,16,17
InternVLA-M1,eggplant,17,7,20290708,120,PutEggplantInBasketScene-v0,bridge_table_1_v2,widowx_sink_camera_setup,/share/data/ripl/tianchong/projects/InternVLA-M1/cache/Projects/SimplerEnv/ManiSkill2_real2sim/data/real_inpainting/bridge_sink.png,0.127,0.06,episode,17,18
InternVLA-M1,eggplant,18,7,20290709,120,PutEggplantInBasketScene-v0,bridge_table_1_v2,widowx_sink_camera_setup,/share/data/ripl/tianchong/projects/InternVLA-M1/cache/Projects/SimplerEnv/ManiSkill2_real2sim/data/real_inpainting/bridge_sink.png,0.127,0.06,episode,18,19
InternVLA-M1,eggplant,19,7,20290710,120,PutEggplantInBasketScene-v0,bridge_table_1_v2,widowx_sink_camera_setup,/share/data/ripl/tianchong/projects/InternVLA-M1/cache/Projects/SimplerEnv/ManiSkill2_real2sim/data/real_inpainting/bridge_sink.png,0.127,0.06,episode,19,20
InternVLA-M1,eggplant,20,7,20290711,120,PutEggplantInBasketScene-v0,bridge_table_1_v2,widowx_sink_camera_setup,/share/data/ripl/tianchong/projects/InternVLA-M1/cache/Projects/SimplerEnv/ManiSkill2_real2sim/data/real_inpainting/bridge_sink.png,0.127,0.06,episode,20,21
InternVLA-M1,eggplant,21,7,20290712,120,PutEggplantInBasketScene-v0,bridge_table_1_v2,widowx_sink_camera_setup,/share/data/ripl/tianchong/projects/InternVLA-M1/cache/Projects/SimplerEnv/ManiSkill2_real2sim/data/real_inpainting/bridge_sink.png,0.127,0.06,episode,21,22
InternVLA-M1,eggplant,22,7,20290713,120,PutEggplantInBasketScene-v0,bridge_table_1_v2,widowx_sink_camera_setup,/share/data/ripl/tianchong/projects/InternVLA-M1/cache/Projects/SimplerEnv/ManiSkill2_real2sim/data/real_inpainting/bridge_sink.png,0.127,0.06,episode,22,23
InternVLA-M1,eggplant,23,7,20290714,120,PutEggplantInBasketScene-v0,bridge_table_1_v2,widowx_sink_camera_setup,/share/data/ripl/tianchong/projects/InternVLA-M1/cache/Projects/SimplerEnv/ManiSkill2_real2sim/data/real_inpainting/bridge_sink.png,0.127,0.06,episode,23,24
InternVLA-M1,eggplant,0,8,20290715,120,PutEggplantInBasketScene-v0,bridge_table_1_v2,widowx_sink_camera_setup,/share/data/ripl/tianchong/projects/InternVLA-M1/cache/Projects/SimplerEnv/ManiSkill2_real2sim/data/real_inpainting/bridge_sink.png,0.127,0.06,episode,0,1
InternVLA-M1,eggplant,1,8,20290716,120,PutEggplantInBasketScene-v0,bridge_table_1_v2,widowx_sink_camera_setup,/share/data/ripl/tianchong/projects/InternVLA-M1/cache/Projects/SimplerEnv/ManiSkill2_real2sim/data/real_inpainting/bridge_sink.png,0.127,0.06,episode,1,2
InternVLA-M1,eggplant,2,8,20290717,120,PutEggplantInBasketScene-v0,bridge_table_1_v2,widowx_sink_camera_setup,/share/data/ripl/tianchong/projects/InternVLA-M1/cache/Projects/SimplerEnv/ManiSkill2_real2sim/data/real_inpainting/bridge_sink.png,0.127,0.06,episode,2,3
InternVLA-M1,eggplant,3,8,20290718,120,PutEggplantInBasketScene-v0,bridge_table_1_v2,widowx_sink_camera_setup,/share/data/ripl/tianchong/projects/InternVLA-M1/cache/Projects/SimplerEnv/ManiSkill2_real2sim/data/real_inpainting/bridge_sink.png,0.127,0.06,episode,3,4
InternVLA-M1,eggplant,4,8,20290719,120,PutEggplantInBasketScene-v0,bridge_table_1_v2,widowx_sink_camera_setup,/share/data/ripl/tianchong/projects/InternVLA-M1/cache/Projects/SimplerEnv/ManiSkill2_real2sim/data/real_inpainting/bridge_sink.png,0.127,0.06,episode,4,5
InternVLA-M1,eggplant,5,8,20290720,120,PutEggplantInBasketScene-v0,bridge_table_1_v2,widowx_sink_camera_setup,/share/data/ripl/tianchong/projects/InternVLA-M1/cache/Projects/SimplerEnv/ManiSkill2_real2sim/data/real_inpainting/bridge_sink.png,0.127,0.06,episode,5,6
InternVLA-M1,eggplant,6,8,20290721,120,PutEggplantInBasketScene-v0,bridge_table_1_v2,widowx_sink_camera_setup,/share/data/ripl/tianchong/projects/InternVLA-M1/cache/Projects/SimplerEnv/ManiSkill2_real2sim/data/real_inpainting/bridge_sink.png,0.127,0.06,episode,6,7
InternVLA-M1,eggplant,7,8,20290722,120,PutEggplantInBasketScene-v0,bridge_table_1_v2,widowx_sink_camera_setup,/share/data/ripl/tianchong/projects/InternVLA-M1/cache/Projects/SimplerEnv/ManiSkill2_real2sim/data/real_inpainting/bridge_sink.png,0.127,0.06,episode,7,8
InternVLA-M1,eggplant,8,8,20290723,120,PutEggplantInBasketScene-v0,bridge_table_1_v2,widowx_sink_camera_setup,/share/data/ripl/tianchong/projects/InternVLA-M1/cache/Projects/SimplerEnv/ManiSkill2_real2sim/data/real_inpainting/bridge_sink.png,0.127,0.06,episode,8,9
InternVLA-M1,eggplant,9,8,20290724,120,PutEggplantInBasketScene-v0,bridge_table_1_v2,widowx_sink_camera_setup,/share/data/ripl/tianchong/projects/InternVLA-M1/cache/Projects/SimplerEnv/ManiSkill2_real2sim/data/real_inpainting/bridge_sink.png,0.127,0.06,episode,9,10
InternVLA-M1,eggplant,10,8,20290725,120,PutEggplantInBasketScene-v0,bridge_table_1_v2,widowx_sink_camera_setup,/share/data/ripl/tianchong/projects/InternVLA-M1/cache/Projects/SimplerEnv/ManiSkill2_real2sim/data/real_inpainting/bridge_sink.png,0.127,0.06,episode,10,11
InternVLA-M1,eggplant,11,8,20290726,120,PutEggplantInBasketScene-v0,bridge_table_1_v2,widowx_sink_camera_setup,/share/data/ripl/tianchong/projects/InternVLA-M1/cache/Projects/SimplerEnv/ManiSkill2_real2sim/data/real_inpainting/bridge_sink.png,0.127,0.06,episode,11,12
InternVLA-M1,eggplant,12,8,20290727,120,PutEggplantInBasketScene-v0,bridge_table_1_v2,widowx_sink_camera_setup,/share/data/ripl/tianchong/projects/InternVLA-M1/cache/Projects/SimplerEnv/ManiSkill2_real2sim/data/real_inpainting/bridge_sink.png,0.127,0.06,episode,12,13
InternVLA-M1,eggplant,13,8,20290728,120,PutEggplantInBasketScene-v0,bridge_table_1_v2,widowx_sink_camera_setup,/share/data/ripl/tianchong/projects/InternVLA-M1/cache/Projects/SimplerEnv/ManiSkill2_real2sim/data/real_inpainting/bridge_sink.png,0.127,0.06,episode,13,14
InternVLA-M1,eggplant,14,8,20290729,120,PutEggplantInBasketScene-v0,bridge_table_1_v2,widowx_sink_camera_setup,/share/data/ripl/tianchong/projects/InternVLA-M1/cache/Projects/SimplerEnv/ManiSkill2_real2sim/data/real_inpainting/bridge_sink.png,0.127,0.06,episode,14,15
InternVLA-M1,eggplant,15,8,20290730,120,PutEggplantInBasketScene-v0,bridge_table_1_v2,widowx_sink_camera_setup,/share/data/ripl/tianchong/projects/InternVLA-M1/cache/Projects/SimplerEnv/ManiSkill2_real2sim/data/real_inpainting/bridge_sink.png,0.127,0.06,episode,15,16
InternVLA-M1,eggplant,16,8,20290731,120,PutEggplantInBasketScene-v0,bridge_table_1_v2,widowx_sink_camera_setup,/share/data/ripl/tianchong/projects/InternVLA-M1/cache/Projects/SimplerEnv/ManiSkill2_real2sim/data/real_inpainting/bridge_sink.png,0.127,0.06,episode,16,17
InternVLA-M1,eggplant,17,8,20290732,120,PutEggplantInBasketScene-v0,bridge_table_1_v2,widowx_sink_camera_setup,/share/data/ripl/tianchong/projects/InternVLA-M1/cache/Projects/SimplerEnv/ManiSkill2_real2sim/data/real_inpainting/bridge_sink.png,0.127,0.06,episode,17,18
InternVLA-M1,eggplant,18,8,20290733,120,PutEggplantInBasketScene-v0,bridge_table_1_v2,widowx_sink_camera_setup,/share/data/ripl/tianchong/projects/InternVLA-M1/cache/Projects/SimplerEnv/ManiSkill2_real2sim/data/real_inpainting/bridge_sink.png,0.127,0.06,episode,18,19
InternVLA-M1,eggplant,19,8,20290734,120,PutEggplantInBasketScene-v0,bridge_table_1_v2,widowx_sink_camera_setup,/share/data/ripl/tianchong/projects/InternVLA-M1/cache/Projects/SimplerEnv/ManiSkill2_real2sim/data/real_inpainting/bridge_sink.png,0.127,0.06,episode,19,20
InternVLA-M1,eggplant,20,8,20290735,120,PutEggplantInBasketScene-v0,bridge_table_1_v2,widowx_sink_camera_setup,/share/data/ripl/tianchong/projects/InternVLA-M1/cache/Projects/SimplerEnv/ManiSkill2_real2sim/data/real_inpainting/bridge_sink.png,0.127,0.06,episode,20,21
InternVLA-M1,eggplant,21,8,20290736,120,PutEggplantInBasketScene-v0,bridge_table_1_v2,widowx_sink_camera_setup,/share/data/ripl/tianchong/projects/InternVLA-M1/cache/Projects/SimplerEnv/ManiSkill2_real2sim/data/real_inpainting/bridge_sink.png,0.127,0.06,episode,21,22
InternVLA-M1,eggplant,22,8,20290737,120,PutEggplantInBasketScene-v0,bridge_table_1_v2,widowx_sink_camera_setup,/share/data/ripl/tianchong/projects/InternVLA-M1/cache/Projects/SimplerEnv/ManiSkill2_real2sim/data/real_inpainting/bridge_sink.png,0.127,0.06,episode,22,23
InternVLA-M1,eggplant,23,8,20290738,120,PutEggplantInBasketScene-v0,bridge_table_1_v2,widowx_sink_camera_setup,/share/data/ripl/tianchong/projects/InternVLA-M1/cache/Projects/SimplerEnv/ManiSkill2_real2sim/data/real_inpainting/bridge_sink.png,0.127,0.06,episode,23,24
InternVLA-M1,eggplant,0,9,20290739,120,PutEggplantInBasketScene-v0,bridge_table_1_v2,widowx_sink_camera_setup,/share/data/ripl/tianchong/projects/InternVLA-M1/cache/Projects/SimplerEnv/ManiSkill2_real2sim/data/real_inpainting/bridge_sink.png,0.127,0.06,episode,0,1
InternVLA-M1,eggplant,1,9,20290740,120,PutEggplantInBasketScene-v0,bridge_table_1_v2,widowx_sink_camera_setup,/share/data/ripl/tianchong/projects/InternVLA-M1/cache/Projects/SimplerEnv/ManiSkill2_real2sim/data/real_inpainting/bridge_sink.png,0.127,0.06,episode,1,2
InternVLA-M1,eggplant,2,9,20290741,120,PutEggplantInBasketScene-v0,bridge_table_1_v2,widowx_sink_camera_setup,/share/data/ripl/tianchong/projects/InternVLA-M1/cache/Projects/SimplerEnv/ManiSkill2_real2sim/data/real_inpainting/bridge_sink.png,0.127,0.06,episode,2,3
InternVLA-M1,eggplant,3,9,20290742,120,PutEggplantInBasketScene-v0,bridge_table_1_v2,widowx_sink_camera_setup,/share/data/ripl/tianchong/projects/InternVLA-M1/cache/Projects/SimplerEnv/ManiSkill2_real2sim/data/real_inpainting/bridge_sink.png,0.127,0.06,episode,3,4
InternVLA-M1,eggplant,4,9,20290743,120,PutEggplantInBasketScene-v0,bridge_table_1_v2,widowx_sink_camera_setup,/share/data/ripl/tianchong/projects/InternVLA-M1/cache/Projects/SimplerEnv/ManiSkill2_real2sim/data/real_inpainting/bridge_sink.png,0.127,0.06,episode,4,5
InternVLA-M1,eggplant,5,9,20290744,120,PutEggplantInBasketScene-v0,bridge_table_1_v2,widowx_sink_camera_setup,/share/data/ripl/tianchong/projects/InternVLA-M1/cache/Projects/SimplerEnv/ManiSkill2_real2sim/data/real_inpainting/bridge_sink.png,0.127,0.06,episode,5,6
InternVLA-M1,eggplant,6,9,20290745,120,PutEggplantInBasketScene-v0,bridge_table_1_v2,widowx_sink_camera_setup,/share/data/ripl/tianchong/projects/InternVLA-M1/cache/Projects/SimplerEnv/ManiSkill2_real2sim/data/real_inpainting/bridge_sink.png,0.127,0.06,episode,6,7
InternVLA-M1,eggplant,7,9,20290746,120,PutEggplantInBasketScene-v0,bridge_table_1_v2,widowx_sink_camera_setup,/share/data/ripl/tianchong/projects/InternVLA-M1/cache/Projects/SimplerEnv/ManiSkill2_real2sim/data/real_inpainting/bridge_sink.png,0.127,0.06,episode,7,8
InternVLA-M1,eggplant,8,9,20290747,120,PutEggplantInBasketScene-v0,bridge_table_1_v2,widowx_sink_camera_setup,/share/data/ripl/tianchong/projects/InternVLA-M1/cache/Projects/SimplerEnv/ManiSkill2_real2sim/data/real_inpainting/bridge_sink.png,0.127,0.06,episode,8,9
InternVLA-M1,eggplant,9,9,20290748,120,PutEggplantInBasketScene-v0,bridge_table_1_v2,widowx_sink_camera_setup,/share/data/ripl/tianchong/projects/InternVLA-M1/cache/Projects/SimplerEnv/ManiSkill2_real2sim/data/real_inpainting/bridge_sink.png,0.127,0.06,episode,9,10
InternVLA-M1,eggplant,10,9,20290749,120,PutEggplantInBasketScene-v0,bridge_table_1_v2,widowx_sink_camera_setup,/share/data/ripl/tianchong/projects/InternVLA-M1/cache/Projects/SimplerEnv/ManiSkill2_real2sim/data/real_inpainting/bridge_sink.png,0.127,0.06,episode,10,11
InternVLA-M1,eggplant,11,9,20290750,120,PutEggplantInBasketScene-v0,bridge_table_1_v2,widowx_sink_camera_setup,/share/data/ripl/tianchong/projects/InternVLA-M1/cache/Projects/SimplerEnv/ManiSkill2_real2sim/data/real_inpainting/bridge_sink.png,0.127,0.06,episode,11,12
InternVLA-M1,eggplant,12,9,20290751,120,PutEggplantInBasketScene-v0,bridge_table_1_v2,widowx_sink_camera_setup,/share/data/ripl/tianchong/projects/InternVLA-M1/cache/Projects/SimplerEnv/ManiSkill2_real2sim/data/real_inpainting/bridge_sink.png,0.127,0.06,episode,12,13
InternVLA-M1,eggplant,13,9,20290752,120,PutEggplantInBasketScene-v0,bridge_table_1_v2,widowx_sink_camera_setup,/share/data/ripl/tianchong/projects/InternVLA-M1/cache/Projects/SimplerEnv/ManiSkill2_real2sim/data/real_inpainting/bridge_sink.png,0.127,0.06,episode,13,14
InternVLA-M1,eggplant,14,9,20290753,120,PutEggplantInBasketScene-v0,bridge_table_1_v2,widowx_sink_camera_setup,/share/data/ripl/tianchong/projects/InternVLA-M1/cache/Projects/SimplerEnv/ManiSkill2_real2sim/data/real_inpainting/bridge_sink.png,0.127,0.06,episode,14,15
InternVLA-M1,eggplant,15,9,20290754,120,PutEggplantInBasketScene-v0,bridge_table_1_v2,widowx_sink_camera_setup,/share/data/ripl/tianchong/projects/InternVLA-M1/cache/Projects/SimplerEnv/ManiSkill2_real2sim/data/real_inpainting/bridge_sink.png,0.127,0.06,episode,15,16
InternVLA-M1,eggplant,16,9,20290755,120,PutEggplantInBasketScene-v0,bridge_table_1_v2,widowx_sink_camera_setup,/share/data/ripl/tianchong/projects/InternVLA-M1/cache/Projects/SimplerEnv/ManiSkill2_real2sim/data/real_inpainting/bridge_sink.png,0.127,0.06,episode,16,17
InternVLA-M1,eggplant,17,9,20290756,120,PutEggplantInBasketScene-v0,bridge_table_1_v2,widowx_sink_camera_setup,/share/data/ripl/tianchong/projects/InternVLA-M1/cache/Projects/SimplerEnv/ManiSkill2_real2sim/data/real_inpainting/bridge_sink.png,0.127,0.06,episode,17,18
InternVLA-M1,eggplant,18,9,20290757,120,PutEggplantInBasketScene-v0,bridge_table_1_v2,widowx_sink_camera_setup,/share/data/ripl/tianchong/projects/InternVLA-M1/cache/Projects/SimplerEnv/ManiSkill2_real2sim/data/real_inpainting/bridge_sink.png,0.127,0.06,episode,18,19
InternVLA-M1,eggplant,19,9,20290758,120,PutEggplantInBasketScene-v0,bridge_table_1_v2,widowx_sink_camera_setup,/share/data/ripl/tianchong/projects/InternVLA-M1/cache/Projects/SimplerEnv/ManiSkill2_real2sim/data/real_inpainting/bridge_sink.png,0.127,0.06,episode,19,20
InternVLA-M1,eggplant,20,9,20290759,120,PutEggplantInBasketScene-v0,bridge_table_1_v2,widowx_sink_camera_setup,/share/data/ripl/tianchong/projects/InternVLA-M1/cache/Projects/SimplerEnv/ManiSkill2_real2sim/data/real_inpainting/bridge_sink.png,0.127,0.06,episode,20,21
InternVLA-M1,eggplant,21,9,20290760,120,PutEggplantInBasketScene-v0,bridge_table_1_v2,widowx_sink_camera_setup,/share/data/ripl/tianchong/projects/InternVLA-M1/cache/Projects/SimplerEnv/ManiSkill2_real2sim/data/real_inpainting/bridge_sink.png,0.127,0.06,episode,21,22
InternVLA-M1,eggplant,22,9,20290761,120,PutEggplantInBasketScene-v0,bridge_table_1_v2,widowx_sink_camera_setup,/share/data/ripl/tianchong/projects/InternVLA-M1/cache/Projects/SimplerEnv/ManiSkill2_real2sim/data/real_inpainting/bridge_sink.png,0.127,0.06,episode,22,23
InternVLA-M1,eggplant,23,9,20290762,120,PutEggplantInBasketScene-v0,bridge_table_1_v2,widowx_sink_camera_setup,/share/data/ripl/tianchong/projects/InternVLA-M1/cache/Projects/SimplerEnv/ManiSkill2_real2sim/data/real_inpainting/bridge_sink.png,0.127,0.06,episode,23,24
InternVLA-M1,eggplant,0,10,20290763,120,PutEggplantInBasketScene-v0,bridge_table_1_v2,widowx_sink_camera_setup,/share/data/ripl/tianchong/projects/InternVLA-M1/cache/Projects/SimplerEnv/ManiSkill2_real2sim/data/real_inpainting/bridge_sink.png,0.127,0.06,episode,0,1
InternVLA-M1,eggplant,1,10,20290764,120,PutEggplantInBasketScene-v0,bridge_table_1_v2,widowx_sink_camera_setup,/share/data/ripl/tianchong/projects/InternVLA-M1/cache/Projects/SimplerEnv/ManiSkill2_real2sim/data/real_inpainting/bridge_sink.png,0.127,0.06,episode,1,2
InternVLA-M1,eggplant,2,10,20290765,120,PutEggplantInBasketScene-v0,bridge_table_1_v2,widowx_sink_camera_setup,/share/data/ripl/tianchong/projects/InternVLA-M1/cache/Projects/SimplerEnv/ManiSkill2_real2sim/data/real_inpainting/bridge_sink.png,0.127,0.06,episode,2,3
InternVLA-M1,eggplant,3,10,20290766,120,PutEggplantInBasketScene-v0,bridge_table_1_v2,widowx_sink_camera_setup,/share/data/ripl/tianchong/projects/InternVLA-M1/cache/Projects/SimplerEnv/ManiSkill2_real2sim/data/real_inpainting/bridge_sink.png,0.127,0.06,episode,3,4
InternVLA-M1,eggplant,4,10,20290767,120,PutEggplantInBasketScene-v0,bridge_table_1_v2,widowx_sink_camera_setup,/share/data/ripl/tianchong/projects/InternVLA-M1/cache/Projects/SimplerEnv/ManiSkill2_real2sim/data/real_inpainting/bridge_sink.png,0.127,0.06,episode,4,5
InternVLA-M1,eggplant,5,10,20290768,120,PutEggplantInBasketScene-v0,bridge_table_1_v2,widowx_sink_camera_setup,/share/data/ripl/tianchong/projects/InternVLA-M1/cache/Projects/SimplerEnv/ManiSkill2_real2sim/data/real_inpainting/bridge_sink.png,0.127,0.06,episode,5,6
InternVLA-M1,eggplant,6,10,20290769,120,PutEggplantInBasketScene-v0,bridge_table_1_v2,widowx_sink_camera_setup,/share/data/ripl/tianchong/projects/InternVLA-M1/cache/Projects/SimplerEnv/ManiSkill2_real2sim/data/real_inpainting/bridge_sink.png,0.127,0.06,episode,6,7
InternVLA-M1,eggplant,7,10,20290770,120,PutEggplantInBasketScene-v0,bridge_table_1_v2,widowx_sink_camera_setup,/share/data/ripl/tianchong/projects/InternVLA-M1/cache/Projects/SimplerEnv/ManiSkill2_real2sim/data/real_inpainting/bridge_sink.png,0.127,0.06,episode,7,8
InternVLA-M1,eggplant,8,10,20290771,120,PutEggplantInBasketScene-v0,bridge_table_1_v2,widowx_sink_camera_setup,/share/data/ripl/tianchong/projects/InternVLA-M1/cache/Projects/SimplerEnv/ManiSkill2_real2sim/data/real_inpainting/bridge_sink.png,0.127,0.06,episode,8,9
InternVLA-M1,eggplant,9,10,20290772,120,PutEggplantInBasketScene-v0,bridge_table_1_v2,widowx_sink_camera_setup,/share/data/ripl/tianchong/projects/InternVLA-M1/cache/Projects/SimplerEnv/ManiSkill2_real2sim/data/real_inpainting/bridge_sink.png,0.127,0.06,episode,9,10
InternVLA-M1,eggplant,10,10,20290773,120,PutEggplantInBasketScene-v0,bridge_table_1_v2,widowx_sink_camera_setup,/share/data/ripl/tianchong/projects/InternVLA-M1/cache/Projects/SimplerEnv/ManiSkill2_real2sim/data/real_inpainting/bridge_sink.png,0.127,0.06,episode,10,11
InternVLA-M1,eggplant,11,10,20290774,120,PutEggplantInBasketScene-v0,bridge_table_1_v2,widowx_sink_camera_setup,/share/data/ripl/tianchong/projects/InternVLA-M1/cache/Projects/SimplerEnv/ManiSkill2_real2sim/data/real_inpainting/bridge_sink.png,0.127,0.06,episode,11,12
InternVLA-M1,eggplant,12,10,20290775,120,PutEggplantInBasketScene-v0,bridge_table_1_v2,widowx_sink_camera_setup,/share/data/ripl/tianchong/projects/InternVLA-M1/cache/Projects/SimplerEnv/ManiSkill2_real2sim/data/real_inpainting/bridge_sink.png,0.127,0.06,episode,12,13
InternVLA-M1,eggplant,13,10,20290776,120,PutEggplantInBasketScene-v0,bridge_table_1_v2,widowx_sink_camera_setup,/share/data/ripl/tianchong/projects/InternVLA-M1/cache/Projects/SimplerEnv/ManiSkill2_real2sim/data/real_inpainting/bridge_sink.png,0.127,0.06,episode,13,14
InternVLA-M1,eggplant,14,10,20290777,120,PutEggplantInBasketScene-v0,bridge_table_1_v2,widowx_sink_camera_setup,/share/data/ripl/tianchong/projects/InternVLA-M1/cache/Projects/SimplerEnv/ManiSkill2_real2sim/data/real_inpainting/bridge_sink.png,0.127,0.06,episode,14,15
InternVLA-M1,eggplant,15,10,20290778,120,PutEggplantInBasketScene-v0,bridge_table_1_v2,widowx_sink_camera_setup,/share/data/ripl/tianchong/projects/InternVLA-M1/cache/Projects/SimplerEnv/ManiSkill2_real2sim/data/real_inpainting/bridge_sink.png,0.127,0.06,episode,15,16
InternVLA-M1,eggplant,16,10,20290779,120,PutEggplantInBasketScene-v0,bridge_table_1_v2,widowx_sink_camera_setup,/share/data/ripl/tianchong/projects/InternVLA-M1/cache/Projects/SimplerEnv/ManiSkill2_real2sim/data/real_inpainting/bridge_sink.png,0.127,0.06,episode,16,17
InternVLA-M1,eggplant,17,10,20290780,120,PutEggplantInBasketScene-v0,bridge_table_1_v2,widowx_sink_camera_setup,/share/data/ripl/tianchong/projects/InternVLA-M1/cache/Projects/SimplerEnv/ManiSkill2_real2sim/data/real_inpainting/bridge_sink.png,0.127,0.06,episode,17,18
InternVLA-M1,eggplant,18,10,20290781,120,PutEggplantInBasketScene-v0,bridge_table_1_v2,widowx_sink_camera_setup,/share/data/ripl/tianchong/projects/InternVLA-M1/cache/Projects/SimplerEnv/ManiSkill2_real2sim/data/real_inpainting/bridge_sink.png,0.127,0.06,episode,18,19
InternVLA-M1,eggplant,19,10,20290782,120,PutEggplantInBasketScene-v0,bridge_table_1_v2,widowx_sink_camera_setup,/share/data/ripl/tianchong/projects/InternVLA-M1/cache/Projects/SimplerEnv/ManiSkill2_real2sim/data/real_inpainting/bridge_sink.png,0.127,0.06,episode,19,20
InternVLA-M1,eggplant,20,10,20290783,120,PutEggplantInBasketScene-v0,bridge_table_1_v2,widowx_sink_camera_setup,/share/data/ripl/tianchong/projects/InternVLA-M1/cache/Projects/SimplerEnv/ManiSkill2_real2sim/data/real_inpainting/bridge_sink.png,0.127,0.06,episode,20,21
InternVLA-M1,eggplant,21,10,20290784,120,PutEggplantInBasketScene-v0,bridge_table_1_v2,widowx_sink_camera_setup,/share/data/ripl/tianchong/projects/InternVLA-M1/cache/Projects/SimplerEnv/ManiSkill2_real2sim/data/real_inpainting/bridge_sink.png,0.127,0.06,episode,21,22
InternVLA-M1,eggplant,22,10,20290785,120,PutEggplantInBasketScene-v0,bridge_table_1_v2,widowx_sink_camera_setup,/share/data/ripl/tianchong/projects/InternVLA-M1/cache/Projects/SimplerEnv/ManiSkill2_real2sim/data/real_inpainting/bridge_sink.png,0.127,0.06,episode,22,23
InternVLA-M1,eggplant,23,10,20290786,120,PutEggplantInBasketScene-v0,bridge_table_1_v2,widowx_sink_camera_setup,/share/data/ripl/tianchong/projects/InternVLA-M1/cache/Projects/SimplerEnv/ManiSkill2_real2sim/data/real_inpainting/bridge_sink.png,0.127,0.06,episode,23,24
InternVLA-M1,eggplant,0,11,20290787,120,PutEggplantInBasketScene-v0,bridge_table_1_v2,widowx_sink_camera_setup,/share/data/ripl/tianchong/projects/InternVLA-M1/cache/Projects/SimplerEnv/ManiSkill2_real2sim/data/real_inpainting/bridge_sink.png,0.127,0.06,episode,0,1
InternVLA-M1,eggplant,1,11,20290788,120,PutEggplantInBasketScene-v0,bridge_table_1_v2,widowx_sink_camera_setup,/share/data/ripl/tianchong/projects/InternVLA-M1/cache/Projects/SimplerEnv/ManiSkill2_real2sim/data/real_inpainting/bridge_sink.png,0.127,0.06,episode,1,2
InternVLA-M1,eggplant,2,11,20290789,120,PutEggplantInBasketScene-v0,bridge_table_1_v2,widowx_sink_camera_setup,/share/data/ripl/tianchong/projects/InternVLA-M1/cache/Projects/SimplerEnv/ManiSkill2_real2sim/data/real_inpainting/bridge_sink.png,0.127,0.06,episode,2,3
InternVLA-M1,eggplant,3,11,20290790,120,PutEggplantInBasketScene-v0,bridge_table_1_v2,widowx_sink_camera_setup,/share/data/ripl/tianchong/projects/InternVLA-M1/cache/Projects/SimplerEnv/ManiSkill2_real2sim/data/real_inpainting/bridge_sink.png,0.127,0.06,episode,3,4
InternVLA-M1,eggplant,4,11,20290791,120,PutEggplantInBasketScene-v0,bridge_table_1_v2,widowx_sink_camera_setup,/share/data/ripl/tianchong/projects/InternVLA-M1/cache/Projects/SimplerEnv/ManiSkill2_real2sim/data/real_inpainting/bridge_sink.png,0.127,0.06,episode,4,5
InternVLA-M1,eggplant,5,11,20290792,120,PutEggplantInBasketScene-v0,bridge_table_1_v2,widowx_sink_camera_setup,/share/data/ripl/tianchong/projects/InternVLA-M1/cache/Projects/SimplerEnv/ManiSkill2_real2sim/data/real_inpainting/bridge_sink.png,0.127,0.06,episode,5,6
InternVLA-M1,eggplant,6,11,20290793,120,PutEggplantInBasketScene-v0,bridge_table_1_v2,widowx_sink_camera_setup,/share/data/ripl/tianchong/projects/InternVLA-M1/cache/Projects/SimplerEnv/ManiSkill2_real2sim/data/real_inpainting/bridge_sink.png,0.127,0.06,episode,6,7
InternVLA-M1,eggplant,7,11,20290794,120,PutEggplantInBasketScene-v0,bridge_table_1_v2,widowx_sink_camera_setup,/share/data/ripl/tianchong/projects/InternVLA-M1/cache/Projects/SimplerEnv/ManiSkill2_real2sim/data/real_inpainting/bridge_sink.png,0.127,0.06,episode,7,8
InternVLA-M1,eggplant,8,11,20290795,120,PutEggplantInBasketScene-v0,bridge_table_1_v2,widowx_sink_camera_setup,/share/data/ripl/tianchong/projects/InternVLA-M1/cache/Projects/SimplerEnv/ManiSkill2_real2sim/data/real_inpainting/bridge_sink.png,0.127,0.06,episode,8,9
InternVLA-M1,eggplant,9,11,20290796,120,PutEggplantInBasketScene-v0,bridge_table_1_v2,widowx_sink_camera_setup,/share/data/ripl/tianchong/projects/InternVLA-M1/cache/Projects/SimplerEnv/ManiSkill2_real2sim/data/real_inpainting/bridge_sink.png,0.127,0.06,episode,9,10
InternVLA-M1,eggplant,10,11,20290797,120,PutEggplantInBasketScene-v0,bridge_table_1_v2,widowx_sink_camera_setup,/share/data/ripl/tianchong/projects/InternVLA-M1/cache/Projects/SimplerEnv/ManiSkill2_real2sim/data/real_inpainting/bridge_sink.png,0.127,0.06,episode,10,11
InternVLA-M1,eggplant,11,11,20290798,120,PutEggplantInBasketScene-v0,bridge_table_1_v2,widowx_sink_camera_setup,/share/data/ripl/tianchong/projects/InternVLA-M1/cache/Projects/SimplerEnv/ManiSkill2_real2sim/data/real_inpainting/bridge_sink.png,0.127,0.06,episode,11,12
InternVLA-M1,eggplant,12,11,20290799,120,PutEggplantInBasketScene-v0,bridge_table_1_v2,widowx_sink_camera_setup,/share/data/ripl/tianchong/projects/InternVLA-M1/cache/Projects/SimplerEnv/ManiSkill2_real2sim/data/real_inpainting/bridge_sink.png,0.127,0.06,episode,12,13
InternVLA-M1,eggplant,13,11,20290800,120,PutEggplantInBasketScene-v0,bridge_table_1_v2,widowx_sink_camera_setup,/share/data/ripl/tianchong/projects/InternVLA-M1/cache/Projects/SimplerEnv/ManiSkill2_real2sim/data/real_inpainting/bridge_sink.png,0.127,0.06,episode,13,14
InternVLA-M1,eggplant,14,11,20290801,120,PutEggplantInBasketScene-v0,bridge_table_1_v2,widowx_sink_camera_setup,/share/data/ripl/tianchong/projects/InternVLA-M1/cache/Projects/SimplerEnv/ManiSkill2_real2sim/data/real_inpainting/bridge_sink.png,0.127,0.06,episode,14,15
InternVLA-M1,eggplant,15,11,20290802,120,PutEggplantInBasketScene-v0,bridge_table_1_v2,widowx_sink_camera_setup,/share/data/ripl/tianchong/projects/InternVLA-M1/cache/Projects/SimplerEnv/ManiSkill2_real2sim/data/real_inpainting/bridge_sink.png,0.127,0.06,episode,15,16
InternVLA-M1,eggplant,16,11,20290803,120,PutEggplantInBasketScene-v0,bridge_table_1_v2,widowx_sink_camera_setup,/share/data/ripl/tianchong/projects/InternVLA-M1/cache/Projects/SimplerEnv/ManiSkill2_real2sim/data/real_inpainting/bridge_sink.png,0.127,0.06,episode,16,17
InternVLA-M1,eggplant,17,11,20290804,120,PutEggplantInBasketScene-v0,bridge_table_1_v2,widowx_sink_camera_setup,/share/data/ripl/tianchong/projects/InternVLA-M1/cache/Projects/SimplerEnv/ManiSkill2_real2sim/data/real_inpainting/bridge_sink.png,0.127,0.06,episode,17,18
InternVLA-M1,eggplant,18,11,20290805,120,PutEggplantInBasketScene-v0,bridge_table_1_v2,widowx_sink_camera_setup,/share/data/ripl/tianchong/projects/InternVLA-M1/cache/Projects/SimplerEnv/ManiSkill2_real2sim/data/real_inpainting/bridge_sink.png,0.127,0.06,episode,18,19
InternVLA-M1,eggplant,19,11,20290806,120,PutEggplantInBasketScene-v0,bridge_table_1_v2,widowx_sink_camera_setup,/share/data/ripl/tianchong/projects/InternVLA-M1/cache/Projects/SimplerEnv/ManiSkill2_real2sim/data/real_inpainting/bridge_sink.png,0.127,0.06,episode,19,20
InternVLA-M1,eggplant,20,11,20290807,120,PutEggplantInBasketScene-v0,bridge_table_1_v2,widowx_sink_camera_setup,/share/data/ripl/tianchong/projects/InternVLA-M1/cache/Projects/SimplerEnv/ManiSkill2_real2sim/data/real_inpainting/bridge_sink.png,0.127,0.06,episode,20,21
InternVLA-M1,eggplant,21,11,20290808,120,PutEggplantInBasketScene-v0,bridge_table_1_v2,widowx_sink_camera_setup,/share/data/ripl/tianchong/projects/InternVLA-M1/cache/Projects/SimplerEnv/ManiSkill2_real2sim/data/real_inpainting/bridge_sink.png,0.127,0.06,episode,21,22
InternVLA-M1,eggplant,22,11,20290809,120,PutEggplantInBasketScene-v0,bridge_table_1_v2,widowx_sink_camera_setup,/share/data/ripl/tianchong/projects/InternVLA-M1/cache/Projects/SimplerEnv/ManiSkill2_real2sim/data/real_inpainting/bridge_sink.png,0.127,0.06,episode,22,23
InternVLA-M1,eggplant,23,11,20290810,120,PutEggplantInBasketScene-v0,bridge_table_1_v2,widowx_sink_camera_setup,/share/data/ripl/tianchong/projects/InternVLA-M1/cache/Projects/SimplerEnv/ManiSkill2_real2sim/data/real_inpainting/bridge_sink.png,0.127,0.06,episode,23,24
