policy,task,official_episode_id,repeat_id,seed,success,steps,error,timeout,horizon,job_id,video_path
xvla,eggplant,0,0,20290523,0,120,,0,120,2063844,/share/data/ripl/tianchong/projects/Eval_Policies_CoRL/results/simplerenv/repeated_fixed_grid_288_normal_20260523T232142Z/xvla/eggplant/episodes/repeat_0/episode_0/widowx_put_eggplant_in_basket_0_0.00.mp4
xvla,eggplant,1,0,20290524,1,30,,0,120,2063844,/share/data/ripl/tianchong/projects/Eval_Policies_CoRL/results/simplerenv/repeated_fixed_grid_288_normal_20260523T232142Z/xvla/eggplant/episodes/repeat_0/episode_1/widowx_put_eggplant_in_basket_1_1.00.mp4
xvla,eggplant,2,0,20290525,0,120,,0,120,2063844,/share/data/ripl/tianchong/projects/Eval_Policies_CoRL/results/simplerenv/repeated_fixed_grid_288_normal_20260523T232142Z/xvla/eggplant/episodes/repeat_0/episode_2/widowx_put_eggplant_in_basket_2_0.00.mp4
xvla,eggplant,3,0,20290526,1,30,,0,120,2063844,/share/data/ripl/tianchong/projects/Eval_Policies_CoRL/results/simplerenv/repeated_fixed_grid_288_normal_20260523T232142Z/xvla/eggplant/episodes/repeat_0/episode_3/widowx_put_eggplant_in_basket_3_1.00.mp4
xvla,eggplant,4,0,20290527,1,30,,0,120,2063844,/share/data/ripl/tianchong/projects/Eval_Policies_CoRL/results/simplerenv/repeated_fixed_grid_288_normal_20260523T232142Z/xvla/eggplant/episodes/repeat_0/episode_4/widowx_put_eggplant_in_basket_4_1.00.mp4
xvla,eggplant,5,0,20290528,0,120,,0,120,2063844,/share/data/ripl/tianchong/projects/Eval_Policies_CoRL/results/simplerenv/repeated_fixed_grid_288_normal_20260523T232142Z/xvla/eggplant/episodes/repeat_0/episode_5/widowx_put_eggplant_in_basket_5_0.00.mp4
xvla,eggplant,6,0,20290529,1,30,,0,120,2063844,/share/data/ripl/tianchong/projects/Eval_Policies_CoRL/results/simplerenv/repeated_fixed_grid_288_normal_20260523T232142Z/xvla/eggplant/episodes/repeat_0/episode_6/widowx_put_eggplant_in_basket_6_1.00.mp4
xvla,eggplant,7,0,20290530,1,30,,0,120,2063844,/share/data/ripl/tianchong/projects/Eval_Policies_CoRL/results/simplerenv/repeated_fixed_grid_288_normal_20260523T232142Z/xvla/eggplant/episodes/repeat_0/episode_7/widowx_put_eggplant_in_basket_7_1.00.mp4
xvla,eggplant,8,0,20290531,1,89,,0,120,2063844,/share/data/ripl/tianchong/projects/Eval_Policies_CoRL/results/simplerenv/repeated_fixed_grid_288_normal_20260523T232142Z/xvla/eggplant/episodes/repeat_0/episode_8/widowx_put_eggplant_in_basket_8_1.00.mp4
xvla,eggplant,9,0,20290532,1,30,,0,120,2063844,/share/data/ripl/tianchong/projects/Eval_Policies_CoRL/results/simplerenv/repeated_fixed_grid_288_normal_20260523T232142Z/xvla/eggplant/episodes/repeat_0/episode_9/widowx_put_eggplant_in_basket_9_1.00.mp4
xvla,eggplant,10,0,20290533,1,29,,0,120,2063844,/share/data/ripl/tianchong/projects/Eval_Policies_CoRL/results/simplerenv/repeated_fixed_grid_288_normal_20260523T232142Z/xvla/eggplant/episodes/repeat_0/episode_10/widowx_put_eggplant_in_basket_10_1.00.mp4
xvla,eggplant,11,0,20290534,0,120,,0,120,2063844,/share/data/ripl/tianchong/projects/Eval_Policies_CoRL/results/simplerenv/repeated_fixed_grid_288_normal_20260523T232142Z/xvla/eggplant/episodes/repeat_0/episode_11/widowx_put_eggplant_in_basket_11_0.00.mp4
xvla,eggplant,12,0,20290535,1,29,,0,120,2063844,/share/data/ripl/tianchong/projects/Eval_Policies_CoRL/results/simplerenv/repeated_fixed_grid_288_normal_20260523T232142Z/xvla/eggplant/episodes/repeat_0/episode_12/widowx_put_eggplant_in_basket_12_1.00.mp4
xvla,eggplant,13,0,20290536,1,29,,0,120,2063844,/share/data/ripl/tianchong/projects/Eval_Policies_CoRL/results/simplerenv/repeated_fixed_grid_288_normal_20260523T232142Z/xvla/eggplant/episodes/repeat_0/episode_13/widowx_put_eggplant_in_basket_13_1.00.mp4
xvla,eggplant,14,0,20290537,0,120,,0,120,2063844,/share/data/ripl/tianchong/projects/Eval_Policies_CoRL/results/simplerenv/repeated_fixed_grid_288_normal_20260523T232142Z/xvla/eggplant/episodes/repeat_0/episode_14/widowx_put_eggplant_in_basket_14_0.00.mp4
xvla,eggplant,15,0,20290538,1,29,,0,120,2063844,/share/data/ripl/tianchong/projects/Eval_Policies_CoRL/results/simplerenv/repeated_fixed_grid_288_normal_20260523T232142Z/xvla/eggplant/episodes/repeat_0/episode_15/widowx_put_eggplant_in_basket_15_1.00.mp4
xvla,eggplant,16,0,20290539,1,29,,0,120,2063844,/share/data/ripl/tianchong/projects/Eval_Policies_CoRL/results/simplerenv/repeated_fixed_grid_288_normal_20260523T232142Z/xvla/eggplant/episodes/repeat_0/episode_16/widowx_put_eggplant_in_basket_16_1.00.mp4
xvla,eggplant,17,0,20290540,0,120,,0,120,2063844,/share/data/ripl/tianchong/projects/Eval_Policies_CoRL/results/simplerenv/repeated_fixed_grid_288_normal_20260523T232142Z/xvla/eggplant/episodes/repeat_0/episode_17/widowx_put_eggplant_in_basket_17_0.00.mp4
xvla,eggplant,18,0,20290541,1,29,,0,120,2063844,/share/data/ripl/tianchong/projects/Eval_Policies_CoRL/results/simplerenv/repeated_fixed_grid_288_normal_20260523T232142Z/xvla/eggplant/episodes/repeat_0/episode_18/widowx_put_eggplant_in_basket_18_1.00.mp4
xvla,eggplant,19,0,20290542,1,35,,0,120,2063844,/share/data/ripl/tianchong/projects/Eval_Policies_CoRL/results/simplerenv/repeated_fixed_grid_288_normal_20260523T232142Z/xvla/eggplant/episodes/repeat_0/episode_19/widowx_put_eggplant_in_basket_19_1.00.mp4
xvla,eggplant,20,0,20290543,0,120,,0,120,2063844,/share/data/ripl/tianchong/projects/Eval_Policies_CoRL/results/simplerenv/repeated_fixed_grid_288_normal_20260523T232142Z/xvla/eggplant/episodes/repeat_0/episode_20/widowx_put_eggplant_in_basket_20_0.00.mp4
xvla,eggplant,21,0,20290544,1,29,,0,120,2063844,/share/data/ripl/tianchong/projects/Eval_Policies_CoRL/results/simplerenv/repeated_fixed_grid_288_normal_20260523T232142Z/xvla/eggplant/episodes/repeat_0/episode_21/widowx_put_eggplant_in_basket_21_1.00.mp4
xvla,eggplant,22,0,20290545,1,30,,0,120,2063844,/share/data/ripl/tianchong/projects/Eval_Policies_CoRL/results/simplerenv/repeated_fixed_grid_288_normal_20260523T232142Z/xvla/eggplant/episodes/repeat_0/episode_22/widowx_put_eggplant_in_basket_22_1.00.mp4
xvla,eggplant,23,0,20290546,0,120,,0,120,2063844,/share/data/ripl/tianchong/projects/Eval_Policies_CoRL/results/simplerenv/repeated_fixed_grid_288_normal_20260523T232142Z/xvla/eggplant/episodes/repeat_0/episode_23/widowx_put_eggplant_in_basket_23_0.00.mp4
xvla,eggplant,0,1,20290623,1,29,,0,120,2063844,/share/data/ripl/tianchong/projects/Eval_Policies_CoRL/results/simplerenv/repeated_fixed_grid_288_normal_20260523T232142Z/xvla/eggplant/episodes/repeat_1/episode_0/widowx_put_eggplant_in_basket_0_1.00.mp4
xvla,eggplant,1,1,20290624,1,65,,0,120,2063844,/share/data/ripl/tianchong/projects/Eval_Policies_CoRL/results/simplerenv/repeated_fixed_grid_288_normal_20260523T232142Z/xvla/eggplant/episodes/repeat_1/episode_1/widowx_put_eggplant_in_basket_1_1.00.mp4
xvla,eggplant,2,1,20290625,0,120,,0,120,2063844,/share/data/ripl/tianchong/projects/Eval_Policies_CoRL/results/simplerenv/repeated_fixed_grid_288_normal_20260523T232142Z/xvla/eggplant/episodes/repeat_1/episode_2/widowx_put_eggplant_in_basket_2_0.00.mp4
xvla,eggplant,3,1,20290626,1,29,,0,120,2063844,/share/data/ripl/tianchong/projects/Eval_Policies_CoRL/results/simplerenv/repeated_fixed_grid_288_normal_20260523T232142Z/xvla/eggplant/episodes/repeat_1/episode_3/widowx_put_eggplant_in_basket_3_1.00.mp4
xvla,eggplant,4,1,20290627,1,30,,0,120,2063844,/share/data/ripl/tianchong/projects/Eval_Policies_CoRL/results/simplerenv/repeated_fixed_grid_288_normal_20260523T232142Z/xvla/eggplant/episodes/repeat_1/episode_4/widowx_put_eggplant_in_basket_4_1.00.mp4
xvla,eggplant,5,1,20290628,0,120,,0,120,2063844,/share/data/ripl/tianchong/projects/Eval_Policies_CoRL/results/simplerenv/repeated_fixed_grid_288_normal_20260523T232142Z/xvla/eggplant/episodes/repeat_1/episode_5/widowx_put_eggplant_in_basket_5_0.00.mp4
xvla,eggplant,6,1,20290629,1,30,,0,120,2063844,/share/data/ripl/tianchong/projects/Eval_Policies_CoRL/results/simplerenv/repeated_fixed_grid_288_normal_20260523T232142Z/xvla/eggplant/episodes/repeat_1/episode_6/widowx_put_eggplant_in_basket_6_1.00.mp4
xvla,eggplant,7,1,20290630,1,36,,0,120,2063844,/share/data/ripl/tianchong/projects/Eval_Policies_CoRL/results/simplerenv/repeated_fixed_grid_288_normal_20260523T232142Z/xvla/eggplant/episodes/repeat_1/episode_7/widowx_put_eggplant_in_basket_7_1.00.mp4
xvla,eggplant,8,1,20290631,0,120,,0,120,2063844,/share/data/ripl/tianchong/projects/Eval_Policies_CoRL/results/simplerenv/repeated_fixed_grid_288_normal_20260523T232142Z/xvla/eggplant/episodes/repeat_1/episode_8/widowx_put_eggplant_in_basket_8_0.00.mp4
xvla,eggplant,9,1,20290632,1,26,,0,120,2063844,/share/data/ripl/tianchong/projects/Eval_Policies_CoRL/results/simplerenv/repeated_fixed_grid_288_normal_20260523T232142Z/xvla/eggplant/episodes/repeat_1/episode_9/widowx_put_eggplant_in_basket_9_1.00.mp4
xvla,eggplant,10,1,20290633,1,35,,0,120,2063844,/share/data/ripl/tianchong/projects/Eval_Policies_CoRL/results/simplerenv/repeated_fixed_grid_288_normal_20260523T232142Z/xvla/eggplant/episodes/repeat_1/episode_10/widowx_put_eggplant_in_basket_10_1.00.mp4
xvla,eggplant,11,1,20290634,0,120,,0,120,2063844,/share/data/ripl/tianchong/projects/Eval_Policies_CoRL/results/simplerenv/repeated_fixed_grid_288_normal_20260523T232142Z/xvla/eggplant/episodes/repeat_1/episode_11/widowx_put_eggplant_in_basket_11_0.00.mp4
xvla,eggplant,12,1,20290635,1,28,,0,120,2063844,/share/data/ripl/tianchong/projects/Eval_Policies_CoRL/results/simplerenv/repeated_fixed_grid_288_normal_20260523T232142Z/xvla/eggplant/episodes/repeat_1/episode_12/widowx_put_eggplant_in_basket_12_1.00.mp4
xvla,eggplant,13,1,20290636,1,29,,0,120,2063844,/share/data/ripl/tianchong/projects/Eval_Policies_CoRL/results/simplerenv/repeated_fixed_grid_288_normal_20260523T232142Z/xvla/eggplant/episodes/repeat_1/episode_13/widowx_put_eggplant_in_basket_13_1.00.mp4
xvla,eggplant,14,1,20290637,0,120,,0,120,2063844,/share/data/ripl/tianchong/projects/Eval_Policies_CoRL/results/simplerenv/repeated_fixed_grid_288_normal_20260523T232142Z/xvla/eggplant/episodes/repeat_1/episode_14/widowx_put_eggplant_in_basket_14_0.00.mp4
xvla,eggplant,15,1,20290638,1,28,,0,120,2063844,/share/data/ripl/tianchong/projects/Eval_Policies_CoRL/results/simplerenv/repeated_fixed_grid_288_normal_20260523T232142Z/xvla/eggplant/episodes/repeat_1/episode_15/widowx_put_eggplant_in_basket_15_1.00.mp4
xvla,eggplant,16,1,20290639,1,29,,0,120,2063844,/share/data/ripl/tianchong/projects/Eval_Policies_CoRL/results/simplerenv/repeated_fixed_grid_288_normal_20260523T232142Z/xvla/eggplant/episodes/repeat_1/episode_16/widowx_put_eggplant_in_basket_16_1.00.mp4
xvla,eggplant,17,1,20290640,0,120,,0,120,2063844,/share/data/ripl/tianchong/projects/Eval_Policies_CoRL/results/simplerenv/repeated_fixed_grid_288_normal_20260523T232142Z/xvla/eggplant/episodes/repeat_1/episode_17/widowx_put_eggplant_in_basket_17_0.00.mp4
xvla,eggplant,18,1,20290641,1,29,,0,120,2063844,/share/data/ripl/tianchong/projects/Eval_Policies_CoRL/results/simplerenv/repeated_fixed_grid_288_normal_20260523T232142Z/xvla/eggplant/episodes/repeat_1/episode_18/widowx_put_eggplant_in_basket_18_1.00.mp4
xvla,eggplant,19,1,20290642,1,28,,0,120,2063844,/share/data/ripl/tianchong/projects/Eval_Policies_CoRL/results/simplerenv/repeated_fixed_grid_288_normal_20260523T232142Z/xvla/eggplant/episodes/repeat_1/episode_19/widowx_put_eggplant_in_basket_19_1.00.mp4
xvla,eggplant,20,1,20290643,0,120,,0,120,2063844,/share/data/ripl/tianchong/projects/Eval_Policies_CoRL/results/simplerenv/repeated_fixed_grid_288_normal_20260523T232142Z/xvla/eggplant/episodes/repeat_1/episode_20/widowx_put_eggplant_in_basket_20_0.00.mp4
xvla,eggplant,21,1,20290644,1,29,,0,120,2063844,/share/data/ripl/tianchong/projects/Eval_Policies_CoRL/results/simplerenv/repeated_fixed_grid_288_normal_20260523T232142Z/xvla/eggplant/episodes/repeat_1/episode_21/widowx_put_eggplant_in_basket_21_1.00.mp4
xvla,eggplant,22,1,20290645,1,30,,0,120,2063844,/share/data/ripl/tianchong/projects/Eval_Policies_CoRL/results/simplerenv/repeated_fixed_grid_288_normal_20260523T232142Z/xvla/eggplant/episodes/repeat_1/episode_22/widowx_put_eggplant_in_basket_22_1.00.mp4
xvla,eggplant,23,1,20290646,0,120,,0,120,2063844,/share/data/ripl/tianchong/projects/Eval_Policies_CoRL/results/simplerenv/repeated_fixed_grid_288_normal_20260523T232142Z/xvla/eggplant/episodes/repeat_1/episode_23/widowx_put_eggplant_in_basket_23_0.00.mp4
xvla,eggplant,0,2,20290723,1,29,,0,120,2063844,/share/data/ripl/tianchong/projects/Eval_Policies_CoRL/results/simplerenv/repeated_fixed_grid_288_normal_20260523T232142Z/xvla/eggplant/episodes/repeat_2/episode_0/widowx_put_eggplant_in_basket_0_1.00.mp4
xvla,eggplant,1,2,20290724,1,29,,0,120,2063844,/share/data/ripl/tianchong/projects/Eval_Policies_CoRL/results/simplerenv/repeated_fixed_grid_288_normal_20260523T232142Z/xvla/eggplant/episodes/repeat_2/episode_1/widowx_put_eggplant_in_basket_1_1.00.mp4
xvla,eggplant,2,2,20290725,0,120,,0,120,2063844,/share/data/ripl/tianchong/projects/Eval_Policies_CoRL/results/simplerenv/repeated_fixed_grid_288_normal_20260523T232142Z/xvla/eggplant/episodes/repeat_2/episode_2/widowx_put_eggplant_in_basket_2_0.00.mp4
xvla,eggplant,3,2,20290726,1,30,,0,120,2063844,/share/data/ripl/tianchong/projects/Eval_Policies_CoRL/results/simplerenv/repeated_fixed_grid_288_normal_20260523T232142Z/xvla/eggplant/episodes/repeat_2/episode_3/widowx_put_eggplant_in_basket_3_1.00.mp4
xvla,eggplant,4,2,20290727,1,30,,0,120,2063844,/share/data/ripl/tianchong/projects/Eval_Policies_CoRL/results/simplerenv/repeated_fixed_grid_288_normal_20260523T232142Z/xvla/eggplant/episodes/repeat_2/episode_4/widowx_put_eggplant_in_basket_4_1.00.mp4
xvla,eggplant,5,2,20290728,0,120,,0,120,2063844,/share/data/ripl/tianchong/projects/Eval_Policies_CoRL/results/simplerenv/repeated_fixed_grid_288_normal_20260523T232142Z/xvla/eggplant/episodes/repeat_2/episode_5/widowx_put_eggplant_in_basket_5_0.00.mp4
xvla,eggplant,6,2,20290729,1,29,,0,120,2063844,/share/data/ripl/tianchong/projects/Eval_Policies_CoRL/results/simplerenv/repeated_fixed_grid_288_normal_20260523T232142Z/xvla/eggplant/episodes/repeat_2/episode_6/widowx_put_eggplant_in_basket_6_1.00.mp4
xvla,eggplant,7,2,20290730,1,35,,0,120,2063844,/share/data/ripl/tianchong/projects/Eval_Policies_CoRL/results/simplerenv/repeated_fixed_grid_288_normal_20260523T232142Z/xvla/eggplant/episodes/repeat_2/episode_7/widowx_put_eggplant_in_basket_7_1.00.mp4
xvla,eggplant,8,2,20290731,0,120,,0,120,2063844,/share/data/ripl/tianchong/projects/Eval_Policies_CoRL/results/simplerenv/repeated_fixed_grid_288_normal_20260523T232142Z/xvla/eggplant/episodes/repeat_2/episode_8/widowx_put_eggplant_in_basket_8_0.00.mp4
xvla,eggplant,9,2,20290732,1,26,,0,120,2063844,/share/data/ripl/tianchong/projects/Eval_Policies_CoRL/results/simplerenv/repeated_fixed_grid_288_normal_20260523T232142Z/xvla/eggplant/episodes/repeat_2/episode_9/widowx_put_eggplant_in_basket_9_1.00.mp4
xvla,eggplant,10,2,20290733,1,34,,0,120,2063844,/share/data/ripl/tianchong/projects/Eval_Policies_CoRL/results/simplerenv/repeated_fixed_grid_288_normal_20260523T232142Z/xvla/eggplant/episodes/repeat_2/episode_10/widowx_put_eggplant_in_basket_10_1.00.mp4
xvla,eggplant,11,2,20290734,0,120,,0,120,2063844,/share/data/ripl/tianchong/projects/Eval_Policies_CoRL/results/simplerenv/repeated_fixed_grid_288_normal_20260523T232142Z/xvla/eggplant/episodes/repeat_2/episode_11/widowx_put_eggplant_in_basket_11_0.00.mp4
xvla,eggplant,12,2,20290735,1,29,,0,120,2063844,/share/data/ripl/tianchong/projects/Eval_Policies_CoRL/results/simplerenv/repeated_fixed_grid_288_normal_20260523T232142Z/xvla/eggplant/episodes/repeat_2/episode_12/widowx_put_eggplant_in_basket_12_1.00.mp4
xvla,eggplant,13,2,20290736,1,29,,0,120,2063844,/share/data/ripl/tianchong/projects/Eval_Policies_CoRL/results/simplerenv/repeated_fixed_grid_288_normal_20260523T232142Z/xvla/eggplant/episodes/repeat_2/episode_13/widowx_put_eggplant_in_basket_13_1.00.mp4
xvla,eggplant,14,2,20290737,0,120,,0,120,2063844,/share/data/ripl/tianchong/projects/Eval_Policies_CoRL/results/simplerenv/repeated_fixed_grid_288_normal_20260523T232142Z/xvla/eggplant/episodes/repeat_2/episode_14/widowx_put_eggplant_in_basket_14_0.00.mp4
xvla,eggplant,15,2,20290738,1,29,,0,120,2063844,/share/data/ripl/tianchong/projects/Eval_Policies_CoRL/results/simplerenv/repeated_fixed_grid_288_normal_20260523T232142Z/xvla/eggplant/episodes/repeat_2/episode_15/widowx_put_eggplant_in_basket_15_1.00.mp4
xvla,eggplant,16,2,20290739,1,30,,0,120,2063844,/share/data/ripl/tianchong/projects/Eval_Policies_CoRL/results/simplerenv/repeated_fixed_grid_288_normal_20260523T232142Z/xvla/eggplant/episodes/repeat_2/episode_16/widowx_put_eggplant_in_basket_16_1.00.mp4
xvla,eggplant,17,2,20290740,0,120,,0,120,2063844,/share/data/ripl/tianchong/projects/Eval_Policies_CoRL/results/simplerenv/repeated_fixed_grid_288_normal_20260523T232142Z/xvla/eggplant/episodes/repeat_2/episode_17/widowx_put_eggplant_in_basket_17_0.00.mp4
xvla,eggplant,18,2,20290741,1,30,,0,120,2063844,/share/data/ripl/tianchong/projects/Eval_Policies_CoRL/results/simplerenv/repeated_fixed_grid_288_normal_20260523T232142Z/xvla/eggplant/episodes/repeat_2/episode_18/widowx_put_eggplant_in_basket_18_1.00.mp4
xvla,eggplant,19,2,20290742,1,35,,0,120,2063844,/share/data/ripl/tianchong/projects/Eval_Policies_CoRL/results/simplerenv/repeated_fixed_grid_288_normal_20260523T232142Z/xvla/eggplant/episodes/repeat_2/episode_19/widowx_put_eggplant_in_basket_19_1.00.mp4
xvla,eggplant,20,2,20290743,1,94,,0,120,2063844,/share/data/ripl/tianchong/projects/Eval_Policies_CoRL/results/simplerenv/repeated_fixed_grid_288_normal_20260523T232142Z/xvla/eggplant/episodes/repeat_2/episode_20/widowx_put_eggplant_in_basket_20_1.00.mp4
xvla,eggplant,21,2,20290744,1,29,,0,120,2063844,/share/data/ripl/tianchong/projects/Eval_Policies_CoRL/results/simplerenv/repeated_fixed_grid_288_normal_20260523T232142Z/xvla/eggplant/episodes/repeat_2/episode_21/widowx_put_eggplant_in_basket_21_1.00.mp4
xvla,eggplant,22,2,20290745,1,30,,0,120,2063844,/share/data/ripl/tianchong/projects/Eval_Policies_CoRL/results/simplerenv/repeated_fixed_grid_288_normal_20260523T232142Z/xvla/eggplant/episodes/repeat_2/episode_22/widowx_put_eggplant_in_basket_22_1.00.mp4
xvla,eggplant,23,2,20290746,0,120,,0,120,2063844,/share/data/ripl/tianchong/projects/Eval_Policies_CoRL/results/simplerenv/repeated_fixed_grid_288_normal_20260523T232142Z/xvla/eggplant/episodes/repeat_2/episode_23/widowx_put_eggplant_in_basket_23_0.00.mp4
xvla,eggplant,0,3,20290823,1,90,,0,120,2063844,/share/data/ripl/tianchong/projects/Eval_Policies_CoRL/results/simplerenv/repeated_fixed_grid_288_normal_20260523T232142Z/xvla/eggplant/episodes/repeat_3/episode_0/widowx_put_eggplant_in_basket_0_1.00.mp4
xvla,eggplant,1,3,20290824,1,30,,0,120,2063844,/share/data/ripl/tianchong/projects/Eval_Policies_CoRL/results/simplerenv/repeated_fixed_grid_288_normal_20260523T232142Z/xvla/eggplant/episodes/repeat_3/episode_1/widowx_put_eggplant_in_basket_1_1.00.mp4
xvla,eggplant,2,3,20290825,0,120,,0,120,2063844,/share/data/ripl/tianchong/projects/Eval_Policies_CoRL/results/simplerenv/repeated_fixed_grid_288_normal_20260523T232142Z/xvla/eggplant/episodes/repeat_3/episode_2/widowx_put_eggplant_in_basket_2_0.00.mp4
xvla,eggplant,3,3,20290826,1,30,,0,120,2063844,/share/data/ripl/tianchong/projects/Eval_Policies_CoRL/results/simplerenv/repeated_fixed_grid_288_normal_20260523T232142Z/xvla/eggplant/episodes/repeat_3/episode_3/widowx_put_eggplant_in_basket_3_1.00.mp4
xvla,eggplant,4,3,20290827,1,30,,0,120,2063844,/share/data/ripl/tianchong/projects/Eval_Policies_CoRL/results/simplerenv/repeated_fixed_grid_288_normal_20260523T232142Z/xvla/eggplant/episodes/repeat_3/episode_4/widowx_put_eggplant_in_basket_4_1.00.mp4
xvla,eggplant,5,3,20290828,0,120,,0,120,2063844,/share/data/ripl/tianchong/projects/Eval_Policies_CoRL/results/simplerenv/repeated_fixed_grid_288_normal_20260523T232142Z/xvla/eggplant/episodes/repeat_3/episode_5/widowx_put_eggplant_in_basket_5_0.00.mp4
xvla,eggplant,6,3,20290829,1,37,,0,120,2063844,/share/data/ripl/tianchong/projects/Eval_Policies_CoRL/results/simplerenv/repeated_fixed_grid_288_normal_20260523T232142Z/xvla/eggplant/episodes/repeat_3/episode_6/widowx_put_eggplant_in_basket_6_1.00.mp4
xvla,eggplant,7,3,20290830,1,34,,0,120,2063844,/share/data/ripl/tianchong/projects/Eval_Policies_CoRL/results/simplerenv/repeated_fixed_grid_288_normal_20260523T232142Z/xvla/eggplant/episodes/repeat_3/episode_7/widowx_put_eggplant_in_basket_7_1.00.mp4
xvla,eggplant,8,3,20290831,1,102,,0,120,2063844,/share/data/ripl/tianchong/projects/Eval_Policies_CoRL/results/simplerenv/repeated_fixed_grid_288_normal_20260523T232142Z/xvla/eggplant/episodes/repeat_3/episode_8/widowx_put_eggplant_in_basket_8_1.00.mp4
xvla,eggplant,9,3,20290832,1,30,,0,120,2063844,/share/data/ripl/tianchong/projects/Eval_Policies_CoRL/results/simplerenv/repeated_fixed_grid_288_normal_20260523T232142Z/xvla/eggplant/episodes/repeat_3/episode_9/widowx_put_eggplant_in_basket_9_1.00.mp4
xvla,eggplant,10,3,20290833,1,30,,0,120,2063844,/share/data/ripl/tianchong/projects/Eval_Policies_CoRL/results/simplerenv/repeated_fixed_grid_288_normal_20260523T232142Z/xvla/eggplant/episodes/repeat_3/episode_10/widowx_put_eggplant_in_basket_10_1.00.mp4
xvla,eggplant,11,3,20290834,0,120,,0,120,2063844,/share/data/ripl/tianchong/projects/Eval_Policies_CoRL/results/simplerenv/repeated_fixed_grid_288_normal_20260523T232142Z/xvla/eggplant/episodes/repeat_3/episode_11/widowx_put_eggplant_in_basket_11_0.00.mp4
xvla,eggplant,12,3,20290835,1,29,,0,120,2063844,/share/data/ripl/tianchong/projects/Eval_Policies_CoRL/results/simplerenv/repeated_fixed_grid_288_normal_20260523T232142Z/xvla/eggplant/episodes/repeat_3/episode_12/widowx_put_eggplant_in_basket_12_1.00.mp4
xvla,eggplant,13,3,20290836,1,29,,0,120,2063844,/share/data/ripl/tianchong/projects/Eval_Policies_CoRL/results/simplerenv/repeated_fixed_grid_288_normal_20260523T232142Z/xvla/eggplant/episodes/repeat_3/episode_13/widowx_put_eggplant_in_basket_13_1.00.mp4
xvla,eggplant,14,3,20290837,0,120,,0,120,2063844,/share/data/ripl/tianchong/projects/Eval_Policies_CoRL/results/simplerenv/repeated_fixed_grid_288_normal_20260523T232142Z/xvla/eggplant/episodes/repeat_3/episode_14/widowx_put_eggplant_in_basket_14_0.00.mp4
xvla,eggplant,15,3,20290838,1,29,,0,120,2063844,/share/data/ripl/tianchong/projects/Eval_Policies_CoRL/results/simplerenv/repeated_fixed_grid_288_normal_20260523T232142Z/xvla/eggplant/episodes/repeat_3/episode_15/widowx_put_eggplant_in_basket_15_1.00.mp4
xvla,eggplant,16,3,20290839,1,29,,0,120,2063844,/share/data/ripl/tianchong/projects/Eval_Policies_CoRL/results/simplerenv/repeated_fixed_grid_288_normal_20260523T232142Z/xvla/eggplant/episodes/repeat_3/episode_16/widowx_put_eggplant_in_basket_16_1.00.mp4
xvla,eggplant,17,3,20290840,0,120,,0,120,2063844,/share/data/ripl/tianchong/projects/Eval_Policies_CoRL/results/simplerenv/repeated_fixed_grid_288_normal_20260523T232142Z/xvla/eggplant/episodes/repeat_3/episode_17/widowx_put_eggplant_in_basket_17_0.00.mp4
xvla,eggplant,18,3,20290841,1,29,,0,120,2063844,/share/data/ripl/tianchong/projects/Eval_Policies_CoRL/results/simplerenv/repeated_fixed_grid_288_normal_20260523T232142Z/xvla/eggplant/episodes/repeat_3/episode_18/widowx_put_eggplant_in_basket_18_1.00.mp4
xvla,eggplant,19,3,20290842,1,35,,0,120,2063844,/share/data/ripl/tianchong/projects/Eval_Policies_CoRL/results/simplerenv/repeated_fixed_grid_288_normal_20260523T232142Z/xvla/eggplant/episodes/repeat_3/episode_19/widowx_put_eggplant_in_basket_19_1.00.mp4
xvla,eggplant,20,3,20290843,0,120,,0,120,2063844,/share/data/ripl/tianchong/projects/Eval_Policies_CoRL/results/simplerenv/repeated_fixed_grid_288_normal_20260523T232142Z/xvla/eggplant/episodes/repeat_3/episode_20/widowx_put_eggplant_in_basket_20_0.00.mp4
xvla,eggplant,21,3,20290844,1,26,,0,120,2063844,/share/data/ripl/tianchong/projects/Eval_Policies_CoRL/results/simplerenv/repeated_fixed_grid_288_normal_20260523T232142Z/xvla/eggplant/episodes/repeat_3/episode_21/widowx_put_eggplant_in_basket_21_1.00.mp4
xvla,eggplant,22,3,20290845,1,30,,0,120,2063844,/share/data/ripl/tianchong/projects/Eval_Policies_CoRL/results/simplerenv/repeated_fixed_grid_288_normal_20260523T232142Z/xvla/eggplant/episodes/repeat_3/episode_22/widowx_put_eggplant_in_basket_22_1.00.mp4
xvla,eggplant,23,3,20290846,0,120,,0,120,2063844,/share/data/ripl/tianchong/projects/Eval_Policies_CoRL/results/simplerenv/repeated_fixed_grid_288_normal_20260523T232142Z/xvla/eggplant/episodes/repeat_3/episode_23/widowx_put_eggplant_in_basket_23_0.00.mp4
xvla,eggplant,0,4,20290923,1,28,,0,120,2063844,/share/data/ripl/tianchong/projects/Eval_Policies_CoRL/results/simplerenv/repeated_fixed_grid_288_normal_20260523T232142Z/xvla/eggplant/episodes/repeat_4/episode_0/widowx_put_eggplant_in_basket_0_1.00.mp4
xvla,eggplant,1,4,20290924,1,29,,0,120,2063844,/share/data/ripl/tianchong/projects/Eval_Policies_CoRL/results/simplerenv/repeated_fixed_grid_288_normal_20260523T232142Z/xvla/eggplant/episodes/repeat_4/episode_1/widowx_put_eggplant_in_basket_1_1.00.mp4
xvla,eggplant,2,4,20290925,0,120,,0,120,2063844,/share/data/ripl/tianchong/projects/Eval_Policies_CoRL/results/simplerenv/repeated_fixed_grid_288_normal_20260523T232142Z/xvla/eggplant/episodes/repeat_4/episode_2/widowx_put_eggplant_in_basket_2_0.00.mp4
xvla,eggplant,3,4,20290926,1,30,,0,120,2063844,/share/data/ripl/tianchong/projects/Eval_Policies_CoRL/results/simplerenv/repeated_fixed_grid_288_normal_20260523T232142Z/xvla/eggplant/episodes/repeat_4/episode_3/widowx_put_eggplant_in_basket_3_1.00.mp4
xvla,eggplant,4,4,20290927,1,30,,0,120,2063844,/share/data/ripl/tianchong/projects/Eval_Policies_CoRL/results/simplerenv/repeated_fixed_grid_288_normal_20260523T232142Z/xvla/eggplant/episodes/repeat_4/episode_4/widowx_put_eggplant_in_basket_4_1.00.mp4
xvla,eggplant,5,4,20290928,0,120,,0,120,2063844,/share/data/ripl/tianchong/projects/Eval_Policies_CoRL/results/simplerenv/repeated_fixed_grid_288_normal_20260523T232142Z/xvla/eggplant/episodes/repeat_4/episode_5/widowx_put_eggplant_in_basket_5_0.00.mp4
xvla,eggplant,6,4,20290929,1,29,,0,120,2063844,/share/data/ripl/tianchong/projects/Eval_Policies_CoRL/results/simplerenv/repeated_fixed_grid_288_normal_20260523T232142Z/xvla/eggplant/episodes/repeat_4/episode_6/widowx_put_eggplant_in_basket_6_1.00.mp4
xvla,eggplant,7,4,20290930,1,35,,0,120,2063844,/share/data/ripl/tianchong/projects/Eval_Policies_CoRL/results/simplerenv/repeated_fixed_grid_288_normal_20260523T232142Z/xvla/eggplant/episodes/repeat_4/episode_7/widowx_put_eggplant_in_basket_7_1.00.mp4
xvla,eggplant,8,4,20290931,0,120,,0,120,2063844,/share/data/ripl/tianchong/projects/Eval_Policies_CoRL/results/simplerenv/repeated_fixed_grid_288_normal_20260523T232142Z/xvla/eggplant/episodes/repeat_4/episode_8/widowx_put_eggplant_in_basket_8_0.00.mp4
xvla,eggplant,9,4,20290932,1,30,,0,120,2063844,/share/data/ripl/tianchong/projects/Eval_Policies_CoRL/results/simplerenv/repeated_fixed_grid_288_normal_20260523T232142Z/xvla/eggplant/episodes/repeat_4/episode_9/widowx_put_eggplant_in_basket_9_1.00.mp4
xvla,eggplant,10,4,20290933,1,30,,0,120,2063844,/share/data/ripl/tianchong/projects/Eval_Policies_CoRL/results/simplerenv/repeated_fixed_grid_288_normal_20260523T232142Z/xvla/eggplant/episodes/repeat_4/episode_10/widowx_put_eggplant_in_basket_10_1.00.mp4
xvla,eggplant,11,4,20290934,0,120,,0,120,2063844,/share/data/ripl/tianchong/projects/Eval_Policies_CoRL/results/simplerenv/repeated_fixed_grid_288_normal_20260523T232142Z/xvla/eggplant/episodes/repeat_4/episode_11/widowx_put_eggplant_in_basket_11_0.00.mp4
xvla,eggplant,12,4,20290935,1,28,,0,120,2063844,/share/data/ripl/tianchong/projects/Eval_Policies_CoRL/results/simplerenv/repeated_fixed_grid_288_normal_20260523T232142Z/xvla/eggplant/episodes/repeat_4/episode_12/widowx_put_eggplant_in_basket_12_1.00.mp4
xvla,eggplant,13,4,20290936,1,29,,0,120,2063844,/share/data/ripl/tianchong/projects/Eval_Policies_CoRL/results/simplerenv/repeated_fixed_grid_288_normal_20260523T232142Z/xvla/eggplant/episodes/repeat_4/episode_13/widowx_put_eggplant_in_basket_13_1.00.mp4
xvla,eggplant,14,4,20290937,0,120,,0,120,2063844,/share/data/ripl/tianchong/projects/Eval_Policies_CoRL/results/simplerenv/repeated_fixed_grid_288_normal_20260523T232142Z/xvla/eggplant/episodes/repeat_4/episode_14/widowx_put_eggplant_in_basket_14_0.00.mp4
xvla,eggplant,15,4,20290938,1,30,,0,120,2063844,/share/data/ripl/tianchong/projects/Eval_Policies_CoRL/results/simplerenv/repeated_fixed_grid_288_normal_20260523T232142Z/xvla/eggplant/episodes/repeat_4/episode_15/widowx_put_eggplant_in_basket_15_1.00.mp4
xvla,eggplant,16,4,20290939,1,29,,0,120,2063844,/share/data/ripl/tianchong/projects/Eval_Policies_CoRL/results/simplerenv/repeated_fixed_grid_288_normal_20260523T232142Z/xvla/eggplant/episodes/repeat_4/episode_16/widowx_put_eggplant_in_basket_16_1.00.mp4
xvla,eggplant,17,4,20290940,0,120,,0,120,2063844,/share/data/ripl/tianchong/projects/Eval_Policies_CoRL/results/simplerenv/repeated_fixed_grid_288_normal_20260523T232142Z/xvla/eggplant/episodes/repeat_4/episode_17/widowx_put_eggplant_in_basket_17_0.00.mp4
xvla,eggplant,18,4,20290941,1,29,,0,120,2063844,/share/data/ripl/tianchong/projects/Eval_Policies_CoRL/results/simplerenv/repeated_fixed_grid_288_normal_20260523T232142Z/xvla/eggplant/episodes/repeat_4/episode_18/widowx_put_eggplant_in_basket_18_1.00.mp4
xvla,eggplant,19,4,20290942,1,34,,0,120,2063844,/share/data/ripl/tianchong/projects/Eval_Policies_CoRL/results/simplerenv/repeated_fixed_grid_288_normal_20260523T232142Z/xvla/eggplant/episodes/repeat_4/episode_19/widowx_put_eggplant_in_basket_19_1.00.mp4
xvla,eggplant,20,4,20290943,0,120,,0,120,2063844,/share/data/ripl/tianchong/projects/Eval_Policies_CoRL/results/simplerenv/repeated_fixed_grid_288_normal_20260523T232142Z/xvla/eggplant/episodes/repeat_4/episode_20/widowx_put_eggplant_in_basket_20_0.00.mp4
xvla,eggplant,21,4,20290944,1,30,,0,120,2063844,/share/data/ripl/tianchong/projects/Eval_Policies_CoRL/results/simplerenv/repeated_fixed_grid_288_normal_20260523T232142Z/xvla/eggplant/episodes/repeat_4/episode_21/widowx_put_eggplant_in_basket_21_1.00.mp4
xvla,eggplant,22,4,20290945,1,30,,0,120,2063844,/share/data/ripl/tianchong/projects/Eval_Policies_CoRL/results/simplerenv/repeated_fixed_grid_288_normal_20260523T232142Z/xvla/eggplant/episodes/repeat_4/episode_22/widowx_put_eggplant_in_basket_22_1.00.mp4
xvla,eggplant,23,4,20290946,0,120,,0,120,2063844,/share/data/ripl/tianchong/projects/Eval_Policies_CoRL/results/simplerenv/repeated_fixed_grid_288_normal_20260523T232142Z/xvla/eggplant/episodes/repeat_4/episode_23/widowx_put_eggplant_in_basket_23_0.00.mp4
xvla,eggplant,0,5,20291023,0,120,,0,120,2063844,/share/data/ripl/tianchong/projects/Eval_Policies_CoRL/results/simplerenv/repeated_fixed_grid_288_normal_20260523T232142Z/xvla/eggplant/episodes/repeat_5/episode_0/widowx_put_eggplant_in_basket_0_0.00.mp4
xvla,eggplant,1,5,20291024,1,29,,0,120,2063844,/share/data/ripl/tianchong/projects/Eval_Policies_CoRL/results/simplerenv/repeated_fixed_grid_288_normal_20260523T232142Z/xvla/eggplant/episodes/repeat_5/episode_1/widowx_put_eggplant_in_basket_1_1.00.mp4
xvla,eggplant,2,5,20291025,0,120,,0,120,2063844,/share/data/ripl/tianchong/projects/Eval_Policies_CoRL/results/simplerenv/repeated_fixed_grid_288_normal_20260523T232142Z/xvla/eggplant/episodes/repeat_5/episode_2/widowx_put_eggplant_in_basket_2_0.00.mp4
xvla,eggplant,3,5,20291026,1,55,,0,120,2063844,/share/data/ripl/tianchong/projects/Eval_Policies_CoRL/results/simplerenv/repeated_fixed_grid_288_normal_20260523T232142Z/xvla/eggplant/episodes/repeat_5/episode_3/widowx_put_eggplant_in_basket_3_1.00.mp4
xvla,eggplant,4,5,20291027,1,30,,0,120,2063844,/share/data/ripl/tianchong/projects/Eval_Policies_CoRL/results/simplerenv/repeated_fixed_grid_288_normal_20260523T232142Z/xvla/eggplant/episodes/repeat_5/episode_4/widowx_put_eggplant_in_basket_4_1.00.mp4
xvla,eggplant,5,5,20291028,0,120,,0,120,2063844,/share/data/ripl/tianchong/projects/Eval_Policies_CoRL/results/simplerenv/repeated_fixed_grid_288_normal_20260523T232142Z/xvla/eggplant/episodes/repeat_5/episode_5/widowx_put_eggplant_in_basket_5_0.00.mp4
xvla,eggplant,6,5,20291029,1,30,,0,120,2063844,/share/data/ripl/tianchong/projects/Eval_Policies_CoRL/results/simplerenv/repeated_fixed_grid_288_normal_20260523T232142Z/xvla/eggplant/episodes/repeat_5/episode_6/widowx_put_eggplant_in_basket_6_1.00.mp4
xvla,eggplant,7,5,20291030,1,35,,0,120,2063844,/share/data/ripl/tianchong/projects/Eval_Policies_CoRL/results/simplerenv/repeated_fixed_grid_288_normal_20260523T232142Z/xvla/eggplant/episodes/repeat_5/episode_7/widowx_put_eggplant_in_basket_7_1.00.mp4
xvla,eggplant,8,5,20291031,1,90,,0,120,2063844,/share/data/ripl/tianchong/projects/Eval_Policies_CoRL/results/simplerenv/repeated_fixed_grid_288_normal_20260523T232142Z/xvla/eggplant/episodes/repeat_5/episode_8/widowx_put_eggplant_in_basket_8_1.00.mp4
xvla,eggplant,9,5,20291032,1,29,,0,120,2063844,/share/data/ripl/tianchong/projects/Eval_Policies_CoRL/results/simplerenv/repeated_fixed_grid_288_normal_20260523T232142Z/xvla/eggplant/episodes/repeat_5/episode_9/widowx_put_eggplant_in_basket_9_1.00.mp4
xvla,eggplant,10,5,20291033,1,30,,0,120,2063844,/share/data/ripl/tianchong/projects/Eval_Policies_CoRL/results/simplerenv/repeated_fixed_grid_288_normal_20260523T232142Z/xvla/eggplant/episodes/repeat_5/episode_10/widowx_put_eggplant_in_basket_10_1.00.mp4
xvla,eggplant,11,5,20291034,0,120,,0,120,2063844,/share/data/ripl/tianchong/projects/Eval_Policies_CoRL/results/simplerenv/repeated_fixed_grid_288_normal_20260523T232142Z/xvla/eggplant/episodes/repeat_5/episode_11/widowx_put_eggplant_in_basket_11_0.00.mp4
xvla,eggplant,12,5,20291035,1,29,,0,120,2063844,/share/data/ripl/tianchong/projects/Eval_Policies_CoRL/results/simplerenv/repeated_fixed_grid_288_normal_20260523T232142Z/xvla/eggplant/episodes/repeat_5/episode_12/widowx_put_eggplant_in_basket_12_1.00.mp4
xvla,eggplant,13,5,20291036,1,29,,0,120,2063844,/share/data/ripl/tianchong/projects/Eval_Policies_CoRL/results/simplerenv/repeated_fixed_grid_288_normal_20260523T232142Z/xvla/eggplant/episodes/repeat_5/episode_13/widowx_put_eggplant_in_basket_13_1.00.mp4
xvla,eggplant,14,5,20291037,0,120,,0,120,2063844,/share/data/ripl/tianchong/projects/Eval_Policies_CoRL/results/simplerenv/repeated_fixed_grid_288_normal_20260523T232142Z/xvla/eggplant/episodes/repeat_5/episode_14/widowx_put_eggplant_in_basket_14_0.00.mp4
xvla,eggplant,15,5,20291038,1,29,,0,120,2063844,/share/data/ripl/tianchong/projects/Eval_Policies_CoRL/results/simplerenv/repeated_fixed_grid_288_normal_20260523T232142Z/xvla/eggplant/episodes/repeat_5/episode_15/widowx_put_eggplant_in_basket_15_1.00.mp4
xvla,eggplant,16,5,20291039,1,30,,0,120,2063844,/share/data/ripl/tianchong/projects/Eval_Policies_CoRL/results/simplerenv/repeated_fixed_grid_288_normal_20260523T232142Z/xvla/eggplant/episodes/repeat_5/episode_16/widowx_put_eggplant_in_basket_16_1.00.mp4
xvla,eggplant,17,5,20291040,0,120,,0,120,2063844,/share/data/ripl/tianchong/projects/Eval_Policies_CoRL/results/simplerenv/repeated_fixed_grid_288_normal_20260523T232142Z/xvla/eggplant/episodes/repeat_5/episode_17/widowx_put_eggplant_in_basket_17_0.00.mp4
xvla,eggplant,18,5,20291041,1,29,,0,120,2063844,/share/data/ripl/tianchong/projects/Eval_Policies_CoRL/results/simplerenv/repeated_fixed_grid_288_normal_20260523T232142Z/xvla/eggplant/episodes/repeat_5/episode_18/widowx_put_eggplant_in_basket_18_1.00.mp4
xvla,eggplant,19,5,20291042,1,35,,0,120,2063844,/share/data/ripl/tianchong/projects/Eval_Policies_CoRL/results/simplerenv/repeated_fixed_grid_288_normal_20260523T232142Z/xvla/eggplant/episodes/repeat_5/episode_19/widowx_put_eggplant_in_basket_19_1.00.mp4
xvla,eggplant,20,5,20291043,0,120,,0,120,2063844,/share/data/ripl/tianchong/projects/Eval_Policies_CoRL/results/simplerenv/repeated_fixed_grid_288_normal_20260523T232142Z/xvla/eggplant/episodes/repeat_5/episode_20/widowx_put_eggplant_in_basket_20_0.00.mp4
xvla,eggplant,21,5,20291044,1,26,,0,120,2063844,/share/data/ripl/tianchong/projects/Eval_Policies_CoRL/results/simplerenv/repeated_fixed_grid_288_normal_20260523T232142Z/xvla/eggplant/episodes/repeat_5/episode_21/widowx_put_eggplant_in_basket_21_1.00.mp4
xvla,eggplant,22,5,20291045,1,30,,0,120,2063844,/share/data/ripl/tianchong/projects/Eval_Policies_CoRL/results/simplerenv/repeated_fixed_grid_288_normal_20260523T232142Z/xvla/eggplant/episodes/repeat_5/episode_22/widowx_put_eggplant_in_basket_22_1.00.mp4
xvla,eggplant,23,5,20291046,0,120,,0,120,2063844,/share/data/ripl/tianchong/projects/Eval_Policies_CoRL/results/simplerenv/repeated_fixed_grid_288_normal_20260523T232142Z/xvla/eggplant/episodes/repeat_5/episode_23/widowx_put_eggplant_in_basket_23_0.00.mp4
xvla,eggplant,0,6,20291123,1,27,,0,120,2063844,/share/data/ripl/tianchong/projects/Eval_Policies_CoRL/results/simplerenv/repeated_fixed_grid_288_normal_20260523T232142Z/xvla/eggplant/episodes/repeat_6/episode_0/widowx_put_eggplant_in_basket_0_1.00.mp4
xvla,eggplant,1,6,20291124,1,29,,0,120,2063844,/share/data/ripl/tianchong/projects/Eval_Policies_CoRL/results/simplerenv/repeated_fixed_grid_288_normal_20260523T232142Z/xvla/eggplant/episodes/repeat_6/episode_1/widowx_put_eggplant_in_basket_1_1.00.mp4
xvla,eggplant,2,6,20291125,0,120,,0,120,2063844,/share/data/ripl/tianchong/projects/Eval_Policies_CoRL/results/simplerenv/repeated_fixed_grid_288_normal_20260523T232142Z/xvla/eggplant/episodes/repeat_6/episode_2/widowx_put_eggplant_in_basket_2_0.00.mp4
xvla,eggplant,3,6,20291126,1,29,,0,120,2063844,/share/data/ripl/tianchong/projects/Eval_Policies_CoRL/results/simplerenv/repeated_fixed_grid_288_normal_20260523T232142Z/xvla/eggplant/episodes/repeat_6/episode_3/widowx_put_eggplant_in_basket_3_1.00.mp4
xvla,eggplant,4,6,20291127,1,36,,0,120,2063844,/share/data/ripl/tianchong/projects/Eval_Policies_CoRL/results/simplerenv/repeated_fixed_grid_288_normal_20260523T232142Z/xvla/eggplant/episodes/repeat_6/episode_4/widowx_put_eggplant_in_basket_4_1.00.mp4
xvla,eggplant,5,6,20291128,0,120,,0,120,2063844,/share/data/ripl/tianchong/projects/Eval_Policies_CoRL/results/simplerenv/repeated_fixed_grid_288_normal_20260523T232142Z/xvla/eggplant/episodes/repeat_6/episode_5/widowx_put_eggplant_in_basket_5_0.00.mp4
xvla,eggplant,6,6,20291129,1,36,,0,120,2063844,/share/data/ripl/tianchong/projects/Eval_Policies_CoRL/results/simplerenv/repeated_fixed_grid_288_normal_20260523T232142Z/xvla/eggplant/episodes/repeat_6/episode_6/widowx_put_eggplant_in_basket_6_1.00.mp4
xvla,eggplant,7,6,20291130,1,30,,0,120,2063844,/share/data/ripl/tianchong/projects/Eval_Policies_CoRL/results/simplerenv/repeated_fixed_grid_288_normal_20260523T232142Z/xvla/eggplant/episodes/repeat_6/episode_7/widowx_put_eggplant_in_basket_7_1.00.mp4
xvla,eggplant,8,6,20291131,1,100,,0,120,2063844,/share/data/ripl/tianchong/projects/Eval_Policies_CoRL/results/simplerenv/repeated_fixed_grid_288_normal_20260523T232142Z/xvla/eggplant/episodes/repeat_6/episode_8/widowx_put_eggplant_in_basket_8_1.00.mp4
xvla,eggplant,9,6,20291132,1,34,,0,120,2063844,/share/data/ripl/tianchong/projects/Eval_Policies_CoRL/results/simplerenv/repeated_fixed_grid_288_normal_20260523T232142Z/xvla/eggplant/episodes/repeat_6/episode_9/widowx_put_eggplant_in_basket_9_1.00.mp4
xvla,eggplant,10,6,20291133,1,36,,0,120,2063844,/share/data/ripl/tianchong/projects/Eval_Policies_CoRL/results/simplerenv/repeated_fixed_grid_288_normal_20260523T232142Z/xvla/eggplant/episodes/repeat_6/episode_10/widowx_put_eggplant_in_basket_10_1.00.mp4
xvla,eggplant,11,6,20291134,1,60,,0,120,2063844,/share/data/ripl/tianchong/projects/Eval_Policies_CoRL/results/simplerenv/repeated_fixed_grid_288_normal_20260523T232142Z/xvla/eggplant/episodes/repeat_6/episode_11/widowx_put_eggplant_in_basket_11_1.00.mp4
xvla,eggplant,12,6,20291135,1,29,,0,120,2063844,/share/data/ripl/tianchong/projects/Eval_Policies_CoRL/results/simplerenv/repeated_fixed_grid_288_normal_20260523T232142Z/xvla/eggplant/episodes/repeat_6/episode_12/widowx_put_eggplant_in_basket_12_1.00.mp4
xvla,eggplant,13,6,20291136,1,29,,0,120,2063844,/share/data/ripl/tianchong/projects/Eval_Policies_CoRL/results/simplerenv/repeated_fixed_grid_288_normal_20260523T232142Z/xvla/eggplant/episodes/repeat_6/episode_13/widowx_put_eggplant_in_basket_13_1.00.mp4
xvla,eggplant,14,6,20291137,0,120,,0,120,2063844,/share/data/ripl/tianchong/projects/Eval_Policies_CoRL/results/simplerenv/repeated_fixed_grid_288_normal_20260523T232142Z/xvla/eggplant/episodes/repeat_6/episode_14/widowx_put_eggplant_in_basket_14_0.00.mp4
xvla,eggplant,15,6,20291138,1,30,,0,120,2063844,/share/data/ripl/tianchong/projects/Eval_Policies_CoRL/results/simplerenv/repeated_fixed_grid_288_normal_20260523T232142Z/xvla/eggplant/episodes/repeat_6/episode_15/widowx_put_eggplant_in_basket_15_1.00.mp4
xvla,eggplant,16,6,20291139,1,29,,0,120,2063844,/share/data/ripl/tianchong/projects/Eval_Policies_CoRL/results/simplerenv/repeated_fixed_grid_288_normal_20260523T232142Z/xvla/eggplant/episodes/repeat_6/episode_16/widowx_put_eggplant_in_basket_16_1.00.mp4
xvla,eggplant,17,6,20291140,0,120,,0,120,2063844,/share/data/ripl/tianchong/projects/Eval_Policies_CoRL/results/simplerenv/repeated_fixed_grid_288_normal_20260523T232142Z/xvla/eggplant/episodes/repeat_6/episode_17/widowx_put_eggplant_in_basket_17_0.00.mp4
xvla,eggplant,18,6,20291141,1,30,,0,120,2063844,/share/data/ripl/tianchong/projects/Eval_Policies_CoRL/results/simplerenv/repeated_fixed_grid_288_normal_20260523T232142Z/xvla/eggplant/episodes/repeat_6/episode_18/widowx_put_eggplant_in_basket_18_1.00.mp4
xvla,eggplant,19,6,20291142,1,30,,0,120,2063844,/share/data/ripl/tianchong/projects/Eval_Policies_CoRL/results/simplerenv/repeated_fixed_grid_288_normal_20260523T232142Z/xvla/eggplant/episodes/repeat_6/episode_19/widowx_put_eggplant_in_basket_19_1.00.mp4
xvla,eggplant,20,6,20291143,0,120,,0,120,2063844,/share/data/ripl/tianchong/projects/Eval_Policies_CoRL/results/simplerenv/repeated_fixed_grid_288_normal_20260523T232142Z/xvla/eggplant/episodes/repeat_6/episode_20/widowx_put_eggplant_in_basket_20_0.00.mp4
xvla,eggplant,21,6,20291144,1,29,,0,120,2063844,/share/data/ripl/tianchong/projects/Eval_Policies_CoRL/results/simplerenv/repeated_fixed_grid_288_normal_20260523T232142Z/xvla/eggplant/episodes/repeat_6/episode_21/widowx_put_eggplant_in_basket_21_1.00.mp4
xvla,eggplant,22,6,20291145,1,30,,0,120,2063844,/share/data/ripl/tianchong/projects/Eval_Policies_CoRL/results/simplerenv/repeated_fixed_grid_288_normal_20260523T232142Z/xvla/eggplant/episodes/repeat_6/episode_22/widowx_put_eggplant_in_basket_22_1.00.mp4
xvla,eggplant,23,6,20291146,0,120,,0,120,2063844,/share/data/ripl/tianchong/projects/Eval_Policies_CoRL/results/simplerenv/repeated_fixed_grid_288_normal_20260523T232142Z/xvla/eggplant/episodes/repeat_6/episode_23/widowx_put_eggplant_in_basket_23_0.00.mp4
xvla,eggplant,0,7,20291223,1,28,,0,120,2063844,/share/data/ripl/tianchong/projects/Eval_Policies_CoRL/results/simplerenv/repeated_fixed_grid_288_normal_20260523T232142Z/xvla/eggplant/episodes/repeat_7/episode_0/widowx_put_eggplant_in_basket_0_1.00.mp4
xvla,eggplant,1,7,20291224,1,29,,0,120,2063844,/share/data/ripl/tianchong/projects/Eval_Policies_CoRL/results/simplerenv/repeated_fixed_grid_288_normal_20260523T232142Z/xvla/eggplant/episodes/repeat_7/episode_1/widowx_put_eggplant_in_basket_1_1.00.mp4
xvla,eggplant,2,7,20291225,0,120,,0,120,2063844,/share/data/ripl/tianchong/projects/Eval_Policies_CoRL/results/simplerenv/repeated_fixed_grid_288_normal_20260523T232142Z/xvla/eggplant/episodes/repeat_7/episode_2/widowx_put_eggplant_in_basket_2_0.00.mp4
xvla,eggplant,3,7,20291226,0,120,,0,120,2063844,/share/data/ripl/tianchong/projects/Eval_Policies_CoRL/results/simplerenv/repeated_fixed_grid_288_normal_20260523T232142Z/xvla/eggplant/episodes/repeat_7/episode_3/widowx_put_eggplant_in_basket_3_0.00.mp4
xvla,eggplant,4,7,20291227,1,30,,0,120,2063844,/share/data/ripl/tianchong/projects/Eval_Policies_CoRL/results/simplerenv/repeated_fixed_grid_288_normal_20260523T232142Z/xvla/eggplant/episodes/repeat_7/episode_4/widowx_put_eggplant_in_basket_4_1.00.mp4
xvla,eggplant,5,7,20291228,1,119,,0,120,2063844,/share/data/ripl/tianchong/projects/Eval_Policies_CoRL/results/simplerenv/repeated_fixed_grid_288_normal_20260523T232142Z/xvla/eggplant/episodes/repeat_7/episode_5/widowx_put_eggplant_in_basket_5_1.00.mp4
xvla,eggplant,6,7,20291229,1,30,,0,120,2063844,/share/data/ripl/tianchong/projects/Eval_Policies_CoRL/results/simplerenv/repeated_fixed_grid_288_normal_20260523T232142Z/xvla/eggplant/episodes/repeat_7/episode_6/widowx_put_eggplant_in_basket_6_1.00.mp4
xvla,eggplant,7,7,20291230,1,35,,0,120,2063844,/share/data/ripl/tianchong/projects/Eval_Policies_CoRL/results/simplerenv/repeated_fixed_grid_288_normal_20260523T232142Z/xvla/eggplant/episodes/repeat_7/episode_7/widowx_put_eggplant_in_basket_7_1.00.mp4
xvla,eggplant,8,7,20291231,0,120,,0,120,2063844,/share/data/ripl/tianchong/projects/Eval_Policies_CoRL/results/simplerenv/repeated_fixed_grid_288_normal_20260523T232142Z/xvla/eggplant/episodes/repeat_7/episode_8/widowx_put_eggplant_in_basket_8_0.00.mp4
xvla,eggplant,9,7,20291232,1,30,,0,120,2063844,/share/data/ripl/tianchong/projects/Eval_Policies_CoRL/results/simplerenv/repeated_fixed_grid_288_normal_20260523T232142Z/xvla/eggplant/episodes/repeat_7/episode_9/widowx_put_eggplant_in_basket_9_1.00.mp4
xvla,eggplant,10,7,20291233,1,30,,0,120,2063844,/share/data/ripl/tianchong/projects/Eval_Policies_CoRL/results/simplerenv/repeated_fixed_grid_288_normal_20260523T232142Z/xvla/eggplant/episodes/repeat_7/episode_10/widowx_put_eggplant_in_basket_10_1.00.mp4
xvla,eggplant,11,7,20291234,0,120,,0,120,2063844,/share/data/ripl/tianchong/projects/Eval_Policies_CoRL/results/simplerenv/repeated_fixed_grid_288_normal_20260523T232142Z/xvla/eggplant/episodes/repeat_7/episode_11/widowx_put_eggplant_in_basket_11_0.00.mp4
xvla,eggplant,12,7,20291235,1,29,,0,120,2063844,/share/data/ripl/tianchong/projects/Eval_Policies_CoRL/results/simplerenv/repeated_fixed_grid_288_normal_20260523T232142Z/xvla/eggplant/episodes/repeat_7/episode_12/widowx_put_eggplant_in_basket_12_1.00.mp4
xvla,eggplant,13,7,20291236,1,30,,0,120,2063844,/share/data/ripl/tianchong/projects/Eval_Policies_CoRL/results/simplerenv/repeated_fixed_grid_288_normal_20260523T232142Z/xvla/eggplant/episodes/repeat_7/episode_13/widowx_put_eggplant_in_basket_13_1.00.mp4
xvla,eggplant,14,7,20291237,0,120,,0,120,2063844,/share/data/ripl/tianchong/projects/Eval_Policies_CoRL/results/simplerenv/repeated_fixed_grid_288_normal_20260523T232142Z/xvla/eggplant/episodes/repeat_7/episode_14/widowx_put_eggplant_in_basket_14_0.00.mp4
xvla,eggplant,15,7,20291238,1,29,,0,120,2063844,/share/data/ripl/tianchong/projects/Eval_Policies_CoRL/results/simplerenv/repeated_fixed_grid_288_normal_20260523T232142Z/xvla/eggplant/episodes/repeat_7/episode_15/widowx_put_eggplant_in_basket_15_1.00.mp4
xvla,eggplant,16,7,20291239,1,29,,0,120,2063844,/share/data/ripl/tianchong/projects/Eval_Policies_CoRL/results/simplerenv/repeated_fixed_grid_288_normal_20260523T232142Z/xvla/eggplant/episodes/repeat_7/episode_16/widowx_put_eggplant_in_basket_16_1.00.mp4
xvla,eggplant,17,7,20291240,0,120,,0,120,2063844,/share/data/ripl/tianchong/projects/Eval_Policies_CoRL/results/simplerenv/repeated_fixed_grid_288_normal_20260523T232142Z/xvla/eggplant/episodes/repeat_7/episode_17/widowx_put_eggplant_in_basket_17_0.00.mp4
xvla,eggplant,18,7,20291241,1,29,,0,120,2063844,/share/data/ripl/tianchong/projects/Eval_Policies_CoRL/results/simplerenv/repeated_fixed_grid_288_normal_20260523T232142Z/xvla/eggplant/episodes/repeat_7/episode_18/widowx_put_eggplant_in_basket_18_1.00.mp4
xvla,eggplant,19,7,20291242,1,35,,0,120,2063844,/share/data/ripl/tianchong/projects/Eval_Policies_CoRL/results/simplerenv/repeated_fixed_grid_288_normal_20260523T232142Z/xvla/eggplant/episodes/repeat_7/episode_19/widowx_put_eggplant_in_basket_19_1.00.mp4
xvla,eggplant,20,7,20291243,0,120,,0,120,2063844,/share/data/ripl/tianchong/projects/Eval_Policies_CoRL/results/simplerenv/repeated_fixed_grid_288_normal_20260523T232142Z/xvla/eggplant/episodes/repeat_7/episode_20/widowx_put_eggplant_in_basket_20_0.00.mp4
xvla,eggplant,21,7,20291244,1,29,,0,120,2063844,/share/data/ripl/tianchong/projects/Eval_Policies_CoRL/results/simplerenv/repeated_fixed_grid_288_normal_20260523T232142Z/xvla/eggplant/episodes/repeat_7/episode_21/widowx_put_eggplant_in_basket_21_1.00.mp4
xvla,eggplant,22,7,20291245,1,30,,0,120,2063844,/share/data/ripl/tianchong/projects/Eval_Policies_CoRL/results/simplerenv/repeated_fixed_grid_288_normal_20260523T232142Z/xvla/eggplant/episodes/repeat_7/episode_22/widowx_put_eggplant_in_basket_22_1.00.mp4
xvla,eggplant,23,7,20291246,0,120,,0,120,2063844,/share/data/ripl/tianchong/projects/Eval_Policies_CoRL/results/simplerenv/repeated_fixed_grid_288_normal_20260523T232142Z/xvla/eggplant/episodes/repeat_7/episode_23/widowx_put_eggplant_in_basket_23_0.00.mp4
xvla,eggplant,0,8,20291323,0,120,,0,120,2063844,/share/data/ripl/tianchong/projects/Eval_Policies_CoRL/results/simplerenv/repeated_fixed_grid_288_normal_20260523T232142Z/xvla/eggplant/episodes/repeat_8/episode_0/widowx_put_eggplant_in_basket_0_0.00.mp4
xvla,eggplant,1,8,20291324,1,30,,0,120,2063844,/share/data/ripl/tianchong/projects/Eval_Policies_CoRL/results/simplerenv/repeated_fixed_grid_288_normal_20260523T232142Z/xvla/eggplant/episodes/repeat_8/episode_1/widowx_put_eggplant_in_basket_1_1.00.mp4
xvla,eggplant,2,8,20291325,0,120,,0,120,2063844,/share/data/ripl/tianchong/projects/Eval_Policies_CoRL/results/simplerenv/repeated_fixed_grid_288_normal_20260523T232142Z/xvla/eggplant/episodes/repeat_8/episode_2/widowx_put_eggplant_in_basket_2_0.00.mp4
xvla,eggplant,3,8,20291326,1,30,,0,120,2063844,/share/data/ripl/tianchong/projects/Eval_Policies_CoRL/results/simplerenv/repeated_fixed_grid_288_normal_20260523T232142Z/xvla/eggplant/episodes/repeat_8/episode_3/widowx_put_eggplant_in_basket_3_1.00.mp4
xvla,eggplant,4,8,20291327,1,29,,0,120,2063844,/share/data/ripl/tianchong/projects/Eval_Policies_CoRL/results/simplerenv/repeated_fixed_grid_288_normal_20260523T232142Z/xvla/eggplant/episodes/repeat_8/episode_4/widowx_put_eggplant_in_basket_4_1.00.mp4
xvla,eggplant,5,8,20291328,0,120,,0,120,2063844,/share/data/ripl/tianchong/projects/Eval_Policies_CoRL/results/simplerenv/repeated_fixed_grid_288_normal_20260523T232142Z/xvla/eggplant/episodes/repeat_8/episode_5/widowx_put_eggplant_in_basket_5_0.00.mp4
xvla,eggplant,6,8,20291329,1,30,,0,120,2063844,/share/data/ripl/tianchong/projects/Eval_Policies_CoRL/results/simplerenv/repeated_fixed_grid_288_normal_20260523T232142Z/xvla/eggplant/episodes/repeat_8/episode_6/widowx_put_eggplant_in_basket_6_1.00.mp4
xvla,eggplant,7,8,20291330,1,35,,0,120,2063844,/share/data/ripl/tianchong/projects/Eval_Policies_CoRL/results/simplerenv/repeated_fixed_grid_288_normal_20260523T232142Z/xvla/eggplant/episodes/repeat_8/episode_7/widowx_put_eggplant_in_basket_7_1.00.mp4
xvla,eggplant,8,8,20291331,1,89,,0,120,2063844,/share/data/ripl/tianchong/projects/Eval_Policies_CoRL/results/simplerenv/repeated_fixed_grid_288_normal_20260523T232142Z/xvla/eggplant/episodes/repeat_8/episode_8/widowx_put_eggplant_in_basket_8_1.00.mp4
xvla,eggplant,9,8,20291332,1,34,,0,120,2063844,/share/data/ripl/tianchong/projects/Eval_Policies_CoRL/results/simplerenv/repeated_fixed_grid_288_normal_20260523T232142Z/xvla/eggplant/episodes/repeat_8/episode_9/widowx_put_eggplant_in_basket_9_1.00.mp4
xvla,eggplant,10,8,20291333,1,30,,0,120,2063844,/share/data/ripl/tianchong/projects/Eval_Policies_CoRL/results/simplerenv/repeated_fixed_grid_288_normal_20260523T232142Z/xvla/eggplant/episodes/repeat_8/episode_10/widowx_put_eggplant_in_basket_10_1.00.mp4
xvla,eggplant,11,8,20291334,0,120,,0,120,2063844,/share/data/ripl/tianchong/projects/Eval_Policies_CoRL/results/simplerenv/repeated_fixed_grid_288_normal_20260523T232142Z/xvla/eggplant/episodes/repeat_8/episode_11/widowx_put_eggplant_in_basket_11_0.00.mp4
xvla,eggplant,12,8,20291335,1,29,,0,120,2063844,/share/data/ripl/tianchong/projects/Eval_Policies_CoRL/results/simplerenv/repeated_fixed_grid_288_normal_20260523T232142Z/xvla/eggplant/episodes/repeat_8/episode_12/widowx_put_eggplant_in_basket_12_1.00.mp4
xvla,eggplant,13,8,20291336,1,29,,0,120,2063844,/share/data/ripl/tianchong/projects/Eval_Policies_CoRL/results/simplerenv/repeated_fixed_grid_288_normal_20260523T232142Z/xvla/eggplant/episodes/repeat_8/episode_13/widowx_put_eggplant_in_basket_13_1.00.mp4
xvla,eggplant,14,8,20291337,0,120,,0,120,2063844,/share/data/ripl/tianchong/projects/Eval_Policies_CoRL/results/simplerenv/repeated_fixed_grid_288_normal_20260523T232142Z/xvla/eggplant/episodes/repeat_8/episode_14/widowx_put_eggplant_in_basket_14_0.00.mp4
xvla,eggplant,15,8,20291338,1,29,,0,120,2063844,/share/data/ripl/tianchong/projects/Eval_Policies_CoRL/results/simplerenv/repeated_fixed_grid_288_normal_20260523T232142Z/xvla/eggplant/episodes/repeat_8/episode_15/widowx_put_eggplant_in_basket_15_1.00.mp4
xvla,eggplant,16,8,20291339,1,30,,0,120,2063844,/share/data/ripl/tianchong/projects/Eval_Policies_CoRL/results/simplerenv/repeated_fixed_grid_288_normal_20260523T232142Z/xvla/eggplant/episodes/repeat_8/episode_16/widowx_put_eggplant_in_basket_16_1.00.mp4
xvla,eggplant,17,8,20291340,0,120,,0,120,2063844,/share/data/ripl/tianchong/projects/Eval_Policies_CoRL/results/simplerenv/repeated_fixed_grid_288_normal_20260523T232142Z/xvla/eggplant/episodes/repeat_8/episode_17/widowx_put_eggplant_in_basket_17_0.00.mp4
xvla,eggplant,18,8,20291341,1,30,,0,120,2063844,/share/data/ripl/tianchong/projects/Eval_Policies_CoRL/results/simplerenv/repeated_fixed_grid_288_normal_20260523T232142Z/xvla/eggplant/episodes/repeat_8/episode_18/widowx_put_eggplant_in_basket_18_1.00.mp4
xvla,eggplant,19,8,20291342,1,36,,0,120,2063844,/share/data/ripl/tianchong/projects/Eval_Policies_CoRL/results/simplerenv/repeated_fixed_grid_288_normal_20260523T232142Z/xvla/eggplant/episodes/repeat_8/episode_19/widowx_put_eggplant_in_basket_19_1.00.mp4
xvla,eggplant,20,8,20291343,0,120,,0,120,2063844,/share/data/ripl/tianchong/projects/Eval_Policies_CoRL/results/simplerenv/repeated_fixed_grid_288_normal_20260523T232142Z/xvla/eggplant/episodes/repeat_8/episode_20/widowx_put_eggplant_in_basket_20_0.00.mp4
xvla,eggplant,21,8,20291344,1,29,,0,120,2063844,/share/data/ripl/tianchong/projects/Eval_Policies_CoRL/results/simplerenv/repeated_fixed_grid_288_normal_20260523T232142Z/xvla/eggplant/episodes/repeat_8/episode_21/widowx_put_eggplant_in_basket_21_1.00.mp4
xvla,eggplant,22,8,20291345,1,30,,0,120,2063844,/share/data/ripl/tianchong/projects/Eval_Policies_CoRL/results/simplerenv/repeated_fixed_grid_288_normal_20260523T232142Z/xvla/eggplant/episodes/repeat_8/episode_22/widowx_put_eggplant_in_basket_22_1.00.mp4
xvla,eggplant,23,8,20291346,0,120,,0,120,2063844,/share/data/ripl/tianchong/projects/Eval_Policies_CoRL/results/simplerenv/repeated_fixed_grid_288_normal_20260523T232142Z/xvla/eggplant/episodes/repeat_8/episode_23/widowx_put_eggplant_in_basket_23_0.00.mp4
xvla,eggplant,0,9,20291423,1,29,,0,120,2063844,/share/data/ripl/tianchong/projects/Eval_Policies_CoRL/results/simplerenv/repeated_fixed_grid_288_normal_20260523T232142Z/xvla/eggplant/episodes/repeat_9/episode_0/widowx_put_eggplant_in_basket_0_1.00.mp4
xvla,eggplant,1,9,20291424,1,67,,0,120,2063844,/share/data/ripl/tianchong/projects/Eval_Policies_CoRL/results/simplerenv/repeated_fixed_grid_288_normal_20260523T232142Z/xvla/eggplant/episodes/repeat_9/episode_1/widowx_put_eggplant_in_basket_1_1.00.mp4
xvla,eggplant,2,9,20291425,0,120,,0,120,2063844,/share/data/ripl/tianchong/projects/Eval_Policies_CoRL/results/simplerenv/repeated_fixed_grid_288_normal_20260523T232142Z/xvla/eggplant/episodes/repeat_9/episode_2/widowx_put_eggplant_in_basket_2_0.00.mp4
xvla,eggplant,3,9,20291426,1,29,,0,120,2063844,/share/data/ripl/tianchong/projects/Eval_Policies_CoRL/results/simplerenv/repeated_fixed_grid_288_normal_20260523T232142Z/xvla/eggplant/episodes/repeat_9/episode_3/widowx_put_eggplant_in_basket_3_1.00.mp4
xvla,eggplant,4,9,20291427,1,30,,0,120,2063844,/share/data/ripl/tianchong/projects/Eval_Policies_CoRL/results/simplerenv/repeated_fixed_grid_288_normal_20260523T232142Z/xvla/eggplant/episodes/repeat_9/episode_4/widowx_put_eggplant_in_basket_4_1.00.mp4
xvla,eggplant,5,9,20291428,1,99,,0,120,2063844,/share/data/ripl/tianchong/projects/Eval_Policies_CoRL/results/simplerenv/repeated_fixed_grid_288_normal_20260523T232142Z/xvla/eggplant/episodes/repeat_9/episode_5/widowx_put_eggplant_in_basket_5_1.00.mp4
xvla,eggplant,6,9,20291429,1,29,,0,120,2063844,/share/data/ripl/tianchong/projects/Eval_Policies_CoRL/results/simplerenv/repeated_fixed_grid_288_normal_20260523T232142Z/xvla/eggplant/episodes/repeat_9/episode_6/widowx_put_eggplant_in_basket_6_1.00.mp4
xvla,eggplant,7,9,20291430,1,30,,0,120,2063844,/share/data/ripl/tianchong/projects/Eval_Policies_CoRL/results/simplerenv/repeated_fixed_grid_288_normal_20260523T232142Z/xvla/eggplant/episodes/repeat_9/episode_7/widowx_put_eggplant_in_basket_7_1.00.mp4
xvla,eggplant,8,9,20291431,0,120,,0,120,2063844,/share/data/ripl/tianchong/projects/Eval_Policies_CoRL/results/simplerenv/repeated_fixed_grid_288_normal_20260523T232142Z/xvla/eggplant/episodes/repeat_9/episode_8/widowx_put_eggplant_in_basket_8_0.00.mp4
xvla,eggplant,9,9,20291432,1,30,,0,120,2063844,/share/data/ripl/tianchong/projects/Eval_Policies_CoRL/results/simplerenv/repeated_fixed_grid_288_normal_20260523T232142Z/xvla/eggplant/episodes/repeat_9/episode_9/widowx_put_eggplant_in_basket_9_1.00.mp4
xvla,eggplant,10,9,20291433,1,35,,0,120,2063844,/share/data/ripl/tianchong/projects/Eval_Policies_CoRL/results/simplerenv/repeated_fixed_grid_288_normal_20260523T232142Z/xvla/eggplant/episodes/repeat_9/episode_10/widowx_put_eggplant_in_basket_10_1.00.mp4
xvla,eggplant,11,9,20291434,0,120,,0,120,2063844,/share/data/ripl/tianchong/projects/Eval_Policies_CoRL/results/simplerenv/repeated_fixed_grid_288_normal_20260523T232142Z/xvla/eggplant/episodes/repeat_9/episode_11/widowx_put_eggplant_in_basket_11_0.00.mp4
xvla,eggplant,12,9,20291435,1,29,,0,120,2063844,/share/data/ripl/tianchong/projects/Eval_Policies_CoRL/results/simplerenv/repeated_fixed_grid_288_normal_20260523T232142Z/xvla/eggplant/episodes/repeat_9/episode_12/widowx_put_eggplant_in_basket_12_1.00.mp4
xvla,eggplant,13,9,20291436,1,29,,0,120,2063844,/share/data/ripl/tianchong/projects/Eval_Policies_CoRL/results/simplerenv/repeated_fixed_grid_288_normal_20260523T232142Z/xvla/eggplant/episodes/repeat_9/episode_13/widowx_put_eggplant_in_basket_13_1.00.mp4
xvla,eggplant,14,9,20291437,0,120,,0,120,2063844,/share/data/ripl/tianchong/projects/Eval_Policies_CoRL/results/simplerenv/repeated_fixed_grid_288_normal_20260523T232142Z/xvla/eggplant/episodes/repeat_9/episode_14/widowx_put_eggplant_in_basket_14_0.00.mp4
xvla,eggplant,15,9,20291438,1,29,,0,120,2063844,/share/data/ripl/tianchong/projects/Eval_Policies_CoRL/results/simplerenv/repeated_fixed_grid_288_normal_20260523T232142Z/xvla/eggplant/episodes/repeat_9/episode_15/widowx_put_eggplant_in_basket_15_1.00.mp4
xvla,eggplant,16,9,20291439,1,29,,0,120,2063844,/share/data/ripl/tianchong/projects/Eval_Policies_CoRL/results/simplerenv/repeated_fixed_grid_288_normal_20260523T232142Z/xvla/eggplant/episodes/repeat_9/episode_16/widowx_put_eggplant_in_basket_16_1.00.mp4
xvla,eggplant,17,9,20291440,0,120,,0,120,2063844,/share/data/ripl/tianchong/projects/Eval_Policies_CoRL/results/simplerenv/repeated_fixed_grid_288_normal_20260523T232142Z/xvla/eggplant/episodes/repeat_9/episode_17/widowx_put_eggplant_in_basket_17_0.00.mp4
xvla,eggplant,18,9,20291441,1,29,,0,120,2063844,/share/data/ripl/tianchong/projects/Eval_Policies_CoRL/results/simplerenv/repeated_fixed_grid_288_normal_20260523T232142Z/xvla/eggplant/episodes/repeat_9/episode_18/widowx_put_eggplant_in_basket_18_1.00.mp4
xvla,eggplant,19,9,20291442,1,34,,0,120,2063844,/share/data/ripl/tianchong/projects/Eval_Policies_CoRL/results/simplerenv/repeated_fixed_grid_288_normal_20260523T232142Z/xvla/eggplant/episodes/repeat_9/episode_19/widowx_put_eggplant_in_basket_19_1.00.mp4
xvla,eggplant,20,9,20291443,0,120,,0,120,2063844,/share/data/ripl/tianchong/projects/Eval_Policies_CoRL/results/simplerenv/repeated_fixed_grid_288_normal_20260523T232142Z/xvla/eggplant/episodes/repeat_9/episode_20/widowx_put_eggplant_in_basket_20_0.00.mp4
xvla,eggplant,21,9,20291444,1,29,,0,120,2063844,/share/data/ripl/tianchong/projects/Eval_Policies_CoRL/results/simplerenv/repeated_fixed_grid_288_normal_20260523T232142Z/xvla/eggplant/episodes/repeat_9/episode_21/widowx_put_eggplant_in_basket_21_1.00.mp4
xvla,eggplant,22,9,20291445,1,30,,0,120,2063844,/share/data/ripl/tianchong/projects/Eval_Policies_CoRL/results/simplerenv/repeated_fixed_grid_288_normal_20260523T232142Z/xvla/eggplant/episodes/repeat_9/episode_22/widowx_put_eggplant_in_basket_22_1.00.mp4
xvla,eggplant,23,9,20291446,0,120,,0,120,2063844,/share/data/ripl/tianchong/projects/Eval_Policies_CoRL/results/simplerenv/repeated_fixed_grid_288_normal_20260523T232142Z/xvla/eggplant/episodes/repeat_9/episode_23/widowx_put_eggplant_in_basket_23_0.00.mp4
xvla,eggplant,0,10,20291523,1,28,,0,120,2063844,/share/data/ripl/tianchong/projects/Eval_Policies_CoRL/results/simplerenv/repeated_fixed_grid_288_normal_20260523T232142Z/xvla/eggplant/episodes/repeat_10/episode_0/widowx_put_eggplant_in_basket_0_1.00.mp4
xvla,eggplant,1,10,20291524,1,65,,0,120,2063844,/share/data/ripl/tianchong/projects/Eval_Policies_CoRL/results/simplerenv/repeated_fixed_grid_288_normal_20260523T232142Z/xvla/eggplant/episodes/repeat_10/episode_1/widowx_put_eggplant_in_basket_1_1.00.mp4
xvla,eggplant,2,10,20291525,0,120,,0,120,2063844,/share/data/ripl/tianchong/projects/Eval_Policies_CoRL/results/simplerenv/repeated_fixed_grid_288_normal_20260523T232142Z/xvla/eggplant/episodes/repeat_10/episode_2/widowx_put_eggplant_in_basket_2_0.00.mp4
xvla,eggplant,3,10,20291526,1,29,,0,120,2063844,/share/data/ripl/tianchong/projects/Eval_Policies_CoRL/results/simplerenv/repeated_fixed_grid_288_normal_20260523T232142Z/xvla/eggplant/episodes/repeat_10/episode_3/widowx_put_eggplant_in_basket_3_1.00.mp4
xvla,eggplant,4,10,20291527,1,30,,0,120,2063844,/share/data/ripl/tianchong/projects/Eval_Policies_CoRL/results/simplerenv/repeated_fixed_grid_288_normal_20260523T232142Z/xvla/eggplant/episodes/repeat_10/episode_4/widowx_put_eggplant_in_basket_4_1.00.mp4
xvla,eggplant,5,10,20291528,0,120,,0,120,2063844,/share/data/ripl/tianchong/projects/Eval_Policies_CoRL/results/simplerenv/repeated_fixed_grid_288_normal_20260523T232142Z/xvla/eggplant/episodes/repeat_10/episode_5/widowx_put_eggplant_in_basket_5_0.00.mp4
xvla,eggplant,6,10,20291529,1,30,,0,120,2063844,/share/data/ripl/tianchong/projects/Eval_Policies_CoRL/results/simplerenv/repeated_fixed_grid_288_normal_20260523T232142Z/xvla/eggplant/episodes/repeat_10/episode_6/widowx_put_eggplant_in_basket_6_1.00.mp4
xvla,eggplant,7,10,20291530,1,36,,0,120,2063844,/share/data/ripl/tianchong/projects/Eval_Policies_CoRL/results/simplerenv/repeated_fixed_grid_288_normal_20260523T232142Z/xvla/eggplant/episodes/repeat_10/episode_7/widowx_put_eggplant_in_basket_7_1.00.mp4
xvla,eggplant,8,10,20291531,0,120,,0,120,2063844,/share/data/ripl/tianchong/projects/Eval_Policies_CoRL/results/simplerenv/repeated_fixed_grid_288_normal_20260523T232142Z/xvla/eggplant/episodes/repeat_10/episode_8/widowx_put_eggplant_in_basket_8_0.00.mp4
xvla,eggplant,9,10,20291532,1,30,,0,120,2063844,/share/data/ripl/tianchong/projects/Eval_Policies_CoRL/results/simplerenv/repeated_fixed_grid_288_normal_20260523T232142Z/xvla/eggplant/episodes/repeat_10/episode_9/widowx_put_eggplant_in_basket_9_1.00.mp4
xvla,eggplant,10,10,20291533,1,30,,0,120,2063844,/share/data/ripl/tianchong/projects/Eval_Policies_CoRL/results/simplerenv/repeated_fixed_grid_288_normal_20260523T232142Z/xvla/eggplant/episodes/repeat_10/episode_10/widowx_put_eggplant_in_basket_10_1.00.mp4
xvla,eggplant,11,10,20291534,0,120,,0,120,2063844,/share/data/ripl/tianchong/projects/Eval_Policies_CoRL/results/simplerenv/repeated_fixed_grid_288_normal_20260523T232142Z/xvla/eggplant/episodes/repeat_10/episode_11/widowx_put_eggplant_in_basket_11_0.00.mp4
xvla,eggplant,12,10,20291535,1,29,,0,120,2063844,/share/data/ripl/tianchong/projects/Eval_Policies_CoRL/results/simplerenv/repeated_fixed_grid_288_normal_20260523T232142Z/xvla/eggplant/episodes/repeat_10/episode_12/widowx_put_eggplant_in_basket_12_1.00.mp4
xvla,eggplant,13,10,20291536,1,29,,0,120,2063844,/share/data/ripl/tianchong/projects/Eval_Policies_CoRL/results/simplerenv/repeated_fixed_grid_288_normal_20260523T232142Z/xvla/eggplant/episodes/repeat_10/episode_13/widowx_put_eggplant_in_basket_13_1.00.mp4
xvla,eggplant,14,10,20291537,0,120,,0,120,2063844,/share/data/ripl/tianchong/projects/Eval_Policies_CoRL/results/simplerenv/repeated_fixed_grid_288_normal_20260523T232142Z/xvla/eggplant/episodes/repeat_10/episode_14/widowx_put_eggplant_in_basket_14_0.00.mp4
xvla,eggplant,15,10,20291538,1,89,,0,120,2063844,/share/data/ripl/tianchong/projects/Eval_Policies_CoRL/results/simplerenv/repeated_fixed_grid_288_normal_20260523T232142Z/xvla/eggplant/episodes/repeat_10/episode_15/widowx_put_eggplant_in_basket_15_1.00.mp4
xvla,eggplant,16,10,20291539,1,29,,0,120,2063844,/share/data/ripl/tianchong/projects/Eval_Policies_CoRL/results/simplerenv/repeated_fixed_grid_288_normal_20260523T232142Z/xvla/eggplant/episodes/repeat_10/episode_16/widowx_put_eggplant_in_basket_16_1.00.mp4
xvla,eggplant,17,10,20291540,0,120,,0,120,2063844,/share/data/ripl/tianchong/projects/Eval_Policies_CoRL/results/simplerenv/repeated_fixed_grid_288_normal_20260523T232142Z/xvla/eggplant/episodes/repeat_10/episode_17/widowx_put_eggplant_in_basket_17_0.00.mp4
xvla,eggplant,18,10,20291541,1,30,,0,120,2063844,/share/data/ripl/tianchong/projects/Eval_Policies_CoRL/results/simplerenv/repeated_fixed_grid_288_normal_20260523T232142Z/xvla/eggplant/episodes/repeat_10/episode_18/widowx_put_eggplant_in_basket_18_1.00.mp4
xvla,eggplant,19,10,20291542,1,35,,0,120,2063844,/share/data/ripl/tianchong/projects/Eval_Policies_CoRL/results/simplerenv/repeated_fixed_grid_288_normal_20260523T232142Z/xvla/eggplant/episodes/repeat_10/episode_19/widowx_put_eggplant_in_basket_19_1.00.mp4
xvla,eggplant,20,10,20291543,0,120,,0,120,2063844,/share/data/ripl/tianchong/projects/Eval_Policies_CoRL/results/simplerenv/repeated_fixed_grid_288_normal_20260523T232142Z/xvla/eggplant/episodes/repeat_10/episode_20/widowx_put_eggplant_in_basket_20_0.00.mp4
xvla,eggplant,21,10,20291544,1,29,,0,120,2063844,/share/data/ripl/tianchong/projects/Eval_Policies_CoRL/results/simplerenv/repeated_fixed_grid_288_normal_20260523T232142Z/xvla/eggplant/episodes/repeat_10/episode_21/widowx_put_eggplant_in_basket_21_1.00.mp4
xvla,eggplant,22,10,20291545,1,30,,0,120,2063844,/share/data/ripl/tianchong/projects/Eval_Policies_CoRL/results/simplerenv/repeated_fixed_grid_288_normal_20260523T232142Z/xvla/eggplant/episodes/repeat_10/episode_22/widowx_put_eggplant_in_basket_22_1.00.mp4
xvla,eggplant,23,10,20291546,0,120,,0,120,2063844,/share/data/ripl/tianchong/projects/Eval_Policies_CoRL/results/simplerenv/repeated_fixed_grid_288_normal_20260523T232142Z/xvla/eggplant/episodes/repeat_10/episode_23/widowx_put_eggplant_in_basket_23_0.00.mp4
xvla,eggplant,0,11,20291623,1,120,,0,120,2063844,/share/data/ripl/tianchong/projects/Eval_Policies_CoRL/results/simplerenv/repeated_fixed_grid_288_normal_20260523T232142Z/xvla/eggplant/episodes/repeat_11/episode_0/widowx_put_eggplant_in_basket_0_1.00.mp4
xvla,eggplant,1,11,20291624,1,29,,0,120,2063844,/share/data/ripl/tianchong/projects/Eval_Policies_CoRL/results/simplerenv/repeated_fixed_grid_288_normal_20260523T232142Z/xvla/eggplant/episodes/repeat_11/episode_1/widowx_put_eggplant_in_basket_1_1.00.mp4
xvla,eggplant,2,11,20291625,0,120,,0,120,2063844,/share/data/ripl/tianchong/projects/Eval_Policies_CoRL/results/simplerenv/repeated_fixed_grid_288_normal_20260523T232142Z/xvla/eggplant/episodes/repeat_11/episode_2/widowx_put_eggplant_in_basket_2_0.00.mp4
xvla,eggplant,3,11,20291626,1,30,,0,120,2063844,/share/data/ripl/tianchong/projects/Eval_Policies_CoRL/results/simplerenv/repeated_fixed_grid_288_normal_20260523T232142Z/xvla/eggplant/episodes/repeat_11/episode_3/widowx_put_eggplant_in_basket_3_1.00.mp4
xvla,eggplant,4,11,20291627,1,30,,0,120,2063844,/share/data/ripl/tianchong/projects/Eval_Policies_CoRL/results/simplerenv/repeated_fixed_grid_288_normal_20260523T232142Z/xvla/eggplant/episodes/repeat_11/episode_4/widowx_put_eggplant_in_basket_4_1.00.mp4
xvla,eggplant,5,11,20291628,0,120,,0,120,2063844,/share/data/ripl/tianchong/projects/Eval_Policies_CoRL/results/simplerenv/repeated_fixed_grid_288_normal_20260523T232142Z/xvla/eggplant/episodes/repeat_11/episode_5/widowx_put_eggplant_in_basket_5_0.00.mp4
xvla,eggplant,6,11,20291629,1,30,,0,120,2063844,/share/data/ripl/tianchong/projects/Eval_Policies_CoRL/results/simplerenv/repeated_fixed_grid_288_normal_20260523T232142Z/xvla/eggplant/episodes/repeat_11/episode_6/widowx_put_eggplant_in_basket_6_1.00.mp4
xvla,eggplant,7,11,20291630,1,36,,0,120,2063844,/share/data/ripl/tianchong/projects/Eval_Policies_CoRL/results/simplerenv/repeated_fixed_grid_288_normal_20260523T232142Z/xvla/eggplant/episodes/repeat_11/episode_7/widowx_put_eggplant_in_basket_7_1.00.mp4
xvla,eggplant,8,11,20291631,0,120,,0,120,2063844,/share/data/ripl/tianchong/projects/Eval_Policies_CoRL/results/simplerenv/repeated_fixed_grid_288_normal_20260523T232142Z/xvla/eggplant/episodes/repeat_11/episode_8/widowx_put_eggplant_in_basket_8_0.00.mp4
xvla,eggplant,9,11,20291632,1,26,,0,120,2063844,/share/data/ripl/tianchong/projects/Eval_Policies_CoRL/results/simplerenv/repeated_fixed_grid_288_normal_20260523T232142Z/xvla/eggplant/episodes/repeat_11/episode_9/widowx_put_eggplant_in_basket_9_1.00.mp4
xvla,eggplant,10,11,20291633,1,30,,0,120,2063844,/share/data/ripl/tianchong/projects/Eval_Policies_CoRL/results/simplerenv/repeated_fixed_grid_288_normal_20260523T232142Z/xvla/eggplant/episodes/repeat_11/episode_10/widowx_put_eggplant_in_basket_10_1.00.mp4
xvla,eggplant,11,11,20291634,0,120,,0,120,2063844,/share/data/ripl/tianchong/projects/Eval_Policies_CoRL/results/simplerenv/repeated_fixed_grid_288_normal_20260523T232142Z/xvla/eggplant/episodes/repeat_11/episode_11/widowx_put_eggplant_in_basket_11_0.00.mp4
xvla,eggplant,12,11,20291635,1,29,,0,120,2063844,/share/data/ripl/tianchong/projects/Eval_Policies_CoRL/results/simplerenv/repeated_fixed_grid_288_normal_20260523T232142Z/xvla/eggplant/episodes/repeat_11/episode_12/widowx_put_eggplant_in_basket_12_1.00.mp4
xvla,eggplant,13,11,20291636,1,30,,0,120,2063844,/share/data/ripl/tianchong/projects/Eval_Policies_CoRL/results/simplerenv/repeated_fixed_grid_288_normal_20260523T232142Z/xvla/eggplant/episodes/repeat_11/episode_13/widowx_put_eggplant_in_basket_13_1.00.mp4
xvla,eggplant,14,11,20291637,0,120,,0,120,2063844,/share/data/ripl/tianchong/projects/Eval_Policies_CoRL/results/simplerenv/repeated_fixed_grid_288_normal_20260523T232142Z/xvla/eggplant/episodes/repeat_11/episode_14/widowx_put_eggplant_in_basket_14_0.00.mp4
xvla,eggplant,15,11,20291638,1,28,,0,120,2063844,/share/data/ripl/tianchong/projects/Eval_Policies_CoRL/results/simplerenv/repeated_fixed_grid_288_normal_20260523T232142Z/xvla/eggplant/episodes/repeat_11/episode_15/widowx_put_eggplant_in_basket_15_1.00.mp4
xvla,eggplant,16,11,20291639,1,29,,0,120,2063844,/share/data/ripl/tianchong/projects/Eval_Policies_CoRL/results/simplerenv/repeated_fixed_grid_288_normal_20260523T232142Z/xvla/eggplant/episodes/repeat_11/episode_16/widowx_put_eggplant_in_basket_16_1.00.mp4
xvla,eggplant,17,11,20291640,0,120,,0,120,2063844,/share/data/ripl/tianchong/projects/Eval_Policies_CoRL/results/simplerenv/repeated_fixed_grid_288_normal_20260523T232142Z/xvla/eggplant/episodes/repeat_11/episode_17/widowx_put_eggplant_in_basket_17_0.00.mp4
xvla,eggplant,18,11,20291641,1,29,,0,120,2063844,/share/data/ripl/tianchong/projects/Eval_Policies_CoRL/results/simplerenv/repeated_fixed_grid_288_normal_20260523T232142Z/xvla/eggplant/episodes/repeat_11/episode_18/widowx_put_eggplant_in_basket_18_1.00.mp4
xvla,eggplant,19,11,20291642,1,34,,0,120,2063844,/share/data/ripl/tianchong/projects/Eval_Policies_CoRL/results/simplerenv/repeated_fixed_grid_288_normal_20260523T232142Z/xvla/eggplant/episodes/repeat_11/episode_19/widowx_put_eggplant_in_basket_19_1.00.mp4
xvla,eggplant,20,11,20291643,0,120,,0,120,2063844,/share/data/ripl/tianchong/projects/Eval_Policies_CoRL/results/simplerenv/repeated_fixed_grid_288_normal_20260523T232142Z/xvla/eggplant/episodes/repeat_11/episode_20/widowx_put_eggplant_in_basket_20_0.00.mp4
xvla,eggplant,21,11,20291644,1,28,,0,120,2063844,/share/data/ripl/tianchong/projects/Eval_Policies_CoRL/results/simplerenv/repeated_fixed_grid_288_normal_20260523T232142Z/xvla/eggplant/episodes/repeat_11/episode_21/widowx_put_eggplant_in_basket_21_1.00.mp4
xvla,eggplant,22,11,20291645,1,30,,0,120,2063844,/share/data/ripl/tianchong/projects/Eval_Policies_CoRL/results/simplerenv/repeated_fixed_grid_288_normal_20260523T232142Z/xvla/eggplant/episodes/repeat_11/episode_22/widowx_put_eggplant_in_basket_22_1.00.mp4
xvla,eggplant,23,11,20291646,0,120,,0,120,2063844,/share/data/ripl/tianchong/projects/Eval_Policies_CoRL/results/simplerenv/repeated_fixed_grid_288_normal_20260523T232142Z/xvla/eggplant/episodes/repeat_11/episode_23/widowx_put_eggplant_in_basket_23_0.00.mp4
